#   Navg =  3.000E+00
# Lambda =  1.404E+00
#      A =  0.000E+00
#     ar =  1.621E+01
#     br =  1.088E+01
#     rb =  3.333E-07
#    rb1 =  3.333E-07
# r_core =  5.527E+00
#     nb = 0
# Mean configuration:
#  1 -1	 2.000E+00
#  2 -1	 3.333E-01
#  2  1	 3.333E-01
#  2 -2	 3.333E-01


    0 3.33333333E-07 -1.03733E+05 -1.03731E+05  2.77864E-01  1.02857E-06  1.38344E-04
    1 3.65400176E-07 -1.03733E+05 -1.03730E+05  2.77864E-01  1.12752E-06  1.38344E-04
    2 4.00551107E-07 -1.03733E+05 -1.03730E+05  2.77863E-01  1.23599E-06  1.15126E-04
    3 4.39082629E-07 -1.03732E+05 -1.03729E+05  2.77862E-01  1.35488E-06  9.58072E-05
    4 4.81319739E-07 -1.03731E+05 -1.03728E+05  2.77861E-01  1.48522E-06  7.97302E-05
    5 5.27618657E-07 -1.03730E+05 -1.03728E+05  2.77859E-01  1.62808E-06  6.63514E-05
    6 5.78369822E-07 -1.03729E+05 -1.03727E+05  2.77857E-01  1.78468E-06  5.52177E-05
    7 6.34001183E-07 -1.03728E+05 -1.03725E+05  2.77855E-01  1.95634E-06  4.59525E-05
    8 6.94981793E-07 -1.03727E+05 -1.03724E+05  2.77854E-01  2.14451E-06  3.82422E-05
    9 7.61825753E-07 -1.03725E+05 -1.03722E+05  2.77852E-01  2.35077E-06  3.18257E-05
   10 8.35096536E-07 -1.03723E+05 -1.03720E+05  2.77850E-01  2.57686E-06  2.64859E-05
   11 9.15411724E-07 -1.03720E+05 -1.03717E+05  2.77848E-01  2.82469E-06  2.20422E-05
   12 1.00344819E-06 -1.03717E+05 -1.03714E+05  2.77847E-01  3.09634E-06  1.83442E-05
   13 1.09994780E-06 -1.03713E+05 -1.03710E+05  2.77845E-01  3.39411E-06  1.52667E-05
   14 1.20572361E-06 -1.03709E+05 -1.03706E+05  2.77844E-01  3.72050E-06  1.27056E-05
   15 1.32166673E-06 -1.03703E+05 -1.03701E+05  2.77843E-01  4.07826E-06  1.05742E-05
   16 1.44875380E-06 -1.03697E+05 -1.03694E+05  2.77842E-01  4.47041E-06  8.80045E-06
   17 1.58805514E-06 -1.03689E+05 -1.03686E+05  2.77841E-01  4.90025E-06  7.32432E-06
   18 1.74074378E-06 -1.03680E+05 -1.03677E+05  2.77840E-01  5.37140E-06  6.09587E-06
   19 1.90810527E-06 -1.03669E+05 -1.03666E+05  2.77839E-01  5.88782E-06  5.07354E-06
   20 2.09154844E-06 -1.03655E+05 -1.03652E+05  2.77838E-01  6.45387E-06  4.22276E-06
   21 2.29261725E-06 -1.03639E+05 -1.03636E+05  2.77838E-01  7.07430E-06  3.51474E-06
   22 2.51300368E-06 -1.03619E+05 -1.03617E+05  2.77837E-01  7.75434E-06  2.92555E-06
   23 2.75456190E-06 -1.03596E+05 -1.03593E+05  2.77837E-01  8.49971E-06  2.43526E-06
   24 3.01932380E-06 -1.03568E+05 -1.03565E+05  2.77836E-01  9.31668E-06  2.02728E-06
   25 3.30951597E-06 -1.03534E+05 -1.03531E+05  2.77836E-01  1.02121E-05  1.68782E-06
   26 3.62757831E-06 -1.03494E+05 -1.03491E+05  2.77836E-01  1.11936E-05  1.40541E-06
   27 3.97618446E-06 -1.03445E+05 -1.03442E+05  2.77836E-01  1.22692E-05  1.17049E-06
   28 4.35826406E-06 -1.03387E+05 -1.03384E+05  2.77837E-01  1.34482E-05  9.75138E-07
   29 4.77702725E-06 -1.03316E+05 -1.03313E+05  2.77837E-01  1.47404E-05  8.12737E-07
   30 5.23599143E-06 -1.03232E+05 -1.03229E+05  2.77837E-01  1.61566E-05  6.77804E-07
   31 5.73901060E-06 -1.03130E+05 -1.03128E+05  2.77838E-01  1.77088E-05  5.65779E-07
   32 6.29030746E-06 -1.03008E+05 -1.03006E+05  2.77838E-01  1.94099E-05  4.72879E-07
   33 6.89450855E-06 -1.02862E+05 -1.02859E+05  2.77839E-01  2.12742E-05  3.95966E-07
   34 7.55668277E-06 -1.02686E+05 -1.02683E+05  2.77840E-01  2.33175E-05  3.32444E-07
   35 8.28238352E-06 -1.02475E+05 -1.02472E+05  2.77841E-01  2.55568E-05  2.80169E-07
   36 9.07769483E-06 -1.02221E+05 -1.02219E+05  2.77843E-01  2.80109E-05  2.37377E-07
   37 9.94928184E-06 -1.01917E+05 -1.01914E+05  2.77844E-01  3.07003E-05  2.02627E-07
   38 1.09044461E-05 -1.01551E+05 -1.01548E+05  2.77846E-01  3.36476E-05  1.74747E-07
   39 1.19511862E-05 -1.01111E+05 -1.01108E+05  2.77848E-01  3.68775E-05  1.52798E-07
   40 1.30982638E-05 -1.00583E+05 -1.00580E+05  2.77850E-01  4.04170E-05  1.36044E-07
   41 1.43552760E-05 -9.99489E+04 -9.99460E+04  2.77852E-01  4.42958E-05  1.23921E-07
   42 1.57327352E-05 -9.91873E+04 -9.91845E+04  2.77855E-01  4.85462E-05  1.16024E-07
   43 1.72421553E-05 -9.82727E+04 -9.82699E+04  2.77858E-01  5.32037E-05  1.12091E-07
   44 1.88961467E-05 -9.71743E+04 -9.71715E+04  2.77861E-01  5.83074E-05  1.11991E-07
   45 2.07085206E-05 -9.58554E+04 -9.58526E+04  2.77865E-01  6.38998E-05  1.15725E-07
   46 2.26944020E-05 -9.42716E+04 -9.42687E+04  2.77868E-01  7.00276E-05  1.23423E-07
   47 2.48703547E-05 -9.23697E+04 -9.23669E+04  2.77873E-01  7.67419E-05  1.35346E-07
   48 2.72545163E-05 -9.00861E+04 -9.00833E+04  2.77877E-01  8.40987E-05  1.51908E-07
   49 2.98667477E-05 -8.73443E+04 -8.73415E+04  2.77882E-01  9.21592E-05  1.73589E-07
   50 3.27287950E-05 -8.40523E+04 -8.40495E+04  2.77888E-01  1.00991E-04  2.00644E-07
   51 3.58644674E-05 -8.01000E+04 -8.00972E+04  2.77894E-01  1.10666E-04  2.41429E-07
   52 3.92998314E-05 -7.53552E+04 -7.53524E+04  2.77901E-01  1.21267E-04  2.79519E-07
   53 4.30634229E-05 -6.96592E+04 -6.96563E+04  2.77908E-01  1.32880E-04  3.22222E-07
   54 4.71864795E-05 -6.35775E+04 -6.35747E+04  2.77916E-01  1.45602E-04  3.95423E-07
   55 5.17031935E-05 -5.80235E+04 -5.80207E+04  2.77925E-01  1.59539E-04  4.78998E-07
   56 5.66509894E-05 -5.29558E+04 -5.29530E+04  2.77935E-01  1.74807E-04  5.61179E-07
   57 6.20708257E-05 -4.83319E+04 -4.83291E+04  2.77945E-01  1.91531E-04  6.73166E-07
   58 6.80075259E-05 -4.41128E+04 -4.41100E+04  2.77957E-01  2.09849E-04  8.07064E-07
   59 7.45101389E-05 -4.02630E+04 -4.02602E+04  2.77970E-01  2.29914E-04  9.67964E-07
   60 8.16323330E-05 -3.67501E+04 -3.67473E+04  2.77984E-01  2.51891E-04  1.16129E-06
   61 8.94328256E-05 -3.35447E+04 -3.35419E+04  2.77999E-01  2.75961E-04  1.39346E-06
   62 9.79758529E-05 -3.06198E+04 -3.06170E+04  2.78016E-01  3.02322E-04  1.67219E-06
   63 1.07331681E-04 -2.79507E+04 -2.79479E+04  2.78034E-01  3.31191E-04  2.00671E-06
   64 1.17577166E-04 -2.55152E+04 -2.55124E+04  2.78055E-01  3.62805E-04  2.40811E-06
   65 1.28796360E-04 -2.32926E+04 -2.32898E+04  2.78077E-01  3.97424E-04  2.88966E-06
   66 1.41081180E-04 -2.12644E+04 -2.12615E+04  2.78101E-01  4.35331E-04  3.46730E-06
   67 1.54532126E-04 -1.94134E+04 -1.94106E+04  2.78127E-01  4.76836E-04  4.16007E-06
   68 1.69259076E-04 -1.77243E+04 -1.77215E+04  2.78156E-01  5.22279E-04  4.99082E-06
   69 1.85382141E-04 -1.61828E+04 -1.61800E+04  2.78188E-01  5.72029E-04  5.98690E-06
   70 2.03032604E-04 -1.47760E+04 -1.47731E+04  2.78222E-01  6.26493E-04  7.18104E-06
   71 2.22353938E-04 -1.34920E+04 -1.34892E+04  2.78260E-01  6.86112E-04  8.61245E-06
   72 2.43502918E-04 -1.23202E+04 -1.23174E+04  2.78302E-01  7.51371E-04  1.03280E-05
   73 2.66650825E-04 -1.12507E+04 -1.12479E+04  2.78347E-01  8.22798E-04  1.23839E-05
   74 2.91984765E-04 -1.02745E+04 -1.02717E+04  2.78397E-01  9.00970E-04  1.48472E-05
   75 3.19709092E-04 -9.38353E+03 -9.38072E+03  2.78451E-01  9.86519E-04  1.77982E-05
   76 3.50046967E-04 -8.57028E+03 -8.56747E+03  2.78511E-01  1.08013E-03  2.13329E-05
   77 3.83242039E-04 -7.82795E+03 -7.82514E+03  2.78576E-01  1.18256E-03  2.55662E-05
   78 4.19560285E-04 -7.15034E+03 -7.14754E+03  2.78647E-01  1.29463E-03  3.06351E-05
   79 4.59291992E-04 -6.53179E+03 -6.52899E+03  2.78725E-01  1.41723E-03  3.67035E-05
   80 5.02753926E-04 -5.96713E+03 -5.96433E+03  2.78810E-01  1.55133E-03  4.39671E-05
   81 5.50291666E-04 -5.45165E+03 -5.44885E+03  2.78903E-01  1.69802E-03  5.26597E-05
   82 6.02282149E-04 -4.98105E+03 -4.97825E+03  2.79004E-01  1.85845E-03  6.30600E-05
   83 6.59136421E-04 -4.55141E+03 -4.54860E+03  2.79115E-01  2.03388E-03  7.55008E-05
   84 7.21302618E-04 -4.15914E+03 -4.15634E+03  2.79236E-01  2.22570E-03  9.03791E-05
   85 7.89269193E-04 -3.80098E+03 -3.79818E+03  2.79369E-01  2.43542E-03  1.08168E-04
   86 8.63568405E-04 -3.47396E+03 -3.47115E+03  2.79513E-01  2.66468E-03  1.29432E-04
   87 9.44780097E-04 -3.17534E+03 -3.17254E+03  2.79671E-01  2.91527E-03  1.54842E-04
   88 1.03353577E-03 -2.90266E+03 -2.89985E+03  2.79843E-01  3.18914E-03  1.85198E-04
   89 1.13052299E-03 -2.65364E+03 -2.65083E+03  2.80031E-01  3.48841E-03  2.21452E-04
   90 1.23649015E-03 -2.42622E+03 -2.42342E+03  2.80236E-01  3.81538E-03  2.64737E-04
   91 1.35225156E-03 -2.21852E+03 -2.21572E+03  2.80460E-01  4.17258E-03  3.16399E-04
   92 1.47869301E-03 -2.02882E+03 -2.02601E+03  2.80703E-01  4.56272E-03  3.78036E-04
   93 1.61677770E-03 -1.85554E+03 -1.85274E+03  2.80969E-01  4.98879E-03  4.51549E-04
   94 1.76755260E-03 -1.69726E+03 -1.69446E+03  2.81258E-01  5.45402E-03  5.39191E-04
   95 1.93215539E-03 -1.55267E+03 -1.54987E+03  2.81573E-01  5.96190E-03  6.43634E-04
   96 2.11182177E-03 -1.42057E+03 -1.41777E+03  2.81916E-01  6.51626E-03  7.68046E-04
   97 2.30789345E-03 -1.29989E+03 -1.29708E+03  2.82289E-01  7.12123E-03  9.16175E-04
   98 2.52182657E-03 -1.18961E+03 -1.18681E+03  2.82694E-01  7.78131E-03  1.09246E-03
   99 2.75520084E-03 -1.08885E+03 -1.08605E+03  2.83135E-01  8.50136E-03  1.30214E-03
  100 3.00972924E-03 -9.96767E+02 -9.93965E+02  2.83614E-01  9.28665E-03  1.55142E-03
  101 3.28726839E-03 -9.12612E+02 -9.09810E+02  2.84135E-01  1.01429E-02  1.84759E-03
  102 3.58982969E-03 -8.35694E+02 -8.32893E+02  2.84699E-01  1.10764E-02  2.19927E-03
  103 3.91959107E-03 -7.65386E+02 -7.62586E+02  2.85311E-01  1.20937E-02  2.61660E-03
  104 4.27890963E-03 -7.01113E+02 -6.98314E+02  2.85973E-01  1.32022E-02  3.11151E-03
  105 4.67033499E-03 -6.42352E+02 -6.39554E+02  2.86691E-01  1.44097E-02  3.69798E-03
  106 5.09662348E-03 -5.88625E+02 -5.85827E+02  2.87467E-01  1.57246E-02  4.39246E-03
  107 5.56075323E-03 -5.39495E+02 -5.36698E+02  2.88307E-01  1.71562E-02  5.21417E-03
  108 6.06594012E-03 -4.94565E+02 -4.91769E+02  2.89212E-01  1.87143E-02  6.18562E-03
  109 6.61565458E-03 -4.53470E+02 -4.50675E+02  2.90190E-01  2.04096E-02  7.33306E-03
  110 7.21363944E-03 -4.15879E+02 -4.13085E+02  2.91243E-01  2.22535E-02  8.68712E-03
  111 7.86392866E-03 -3.81489E+02 -3.78696E+02  2.92377E-01  2.42586E-02  1.02834E-02
  112 8.57086702E-03 -3.50023E+02 -3.47232E+02  2.93593E-01  2.64379E-02  1.21633E-02
  113 9.33913084E-03 -3.21229E+02 -3.18440E+02  2.94902E-01  2.88059E-02  1.43748E-02
  114 1.01737496E-02 -2.94877E+02 -2.92089E+02  2.96301E-01  3.13779E-02  1.69732E-02
  115 1.10801289E-02 -2.70755E+02 -2.67969E+02  2.97801E-01  3.41703E-02  2.00224E-02
  116 1.20640736E-02 -2.48672E+02 -2.45888E+02  2.99399E-01  3.72009E-02  2.35962E-02
  117 1.31318129E-02 -2.28453E+02 -2.25671E+02  3.01107E-01  4.04885E-02  2.77787E-02
  118 1.42900259E-02 -2.09937E+02 -2.07157E+02  3.02918E-01  4.40532E-02  3.26665E-02
  119 1.55458680E-02 -1.92977E+02 -1.90200E+02  3.04846E-01  4.79167E-02  3.83696E-02
  120 1.69069983E-02 -1.77441E+02 -1.74667E+02  3.06880E-01  5.21018E-02  4.50132E-02
  121 1.83816081E-02 -1.63207E+02 -1.60435E+02  3.09035E-01  5.66332E-02  5.27388E-02
  122 1.99784497E-02 -1.50162E+02 -1.47393E+02  3.11293E-01  6.15363E-02  6.17059E-02
  123 2.17068666E-02 -1.38205E+02 -1.35440E+02  3.13673E-01  6.68392E-02  7.20938E-02
  124 2.35768236E-02 -1.27244E+02 -1.24482E+02  3.16148E-01  7.25704E-02  8.41026E-02
  125 2.55989380E-02 -1.17192E+02 -1.14434E+02  3.18739E-01  7.87612E-02  9.79550E-02
  126 2.77845114E-02 -1.07974E+02 -1.05220E+02  3.21406E-01  8.54430E-02  1.13897E-01
  127 3.01455610E-02 -9.95171E+01 -9.67679E+01  3.24176E-01  9.26506E-02  1.32198E-01
  128 3.26948525E-02 -9.17576E+01 -8.90132E+01  3.26993E-01  1.00418E-01  1.53152E-01
  129 3.54459317E-02 -8.46359E+01 -8.18968E+01  3.29887E-01  1.08784E-01  1.77080E-01
  130 3.84131572E-02 -7.80982E+01 -7.53648E+01  3.32784E-01  1.17785E-01  2.04321E-01
  131 4.16117323E-02 -7.20951E+01 -6.93676E+01  3.35719E-01  1.27462E-01  2.35240E-01
  132 4.50577370E-02 -6.65812E+01 -6.38603E+01  3.38595E-01  1.37853E-01  2.70216E-01
  133 4.87681587E-02 -6.15155E+01 -5.88017E+01  3.41454E-01  1.49003E-01  3.09646E-01
  134 5.27609235E-02 -5.68603E+01 -5.41539E+01  3.44169E-01  1.60950E-01  3.53932E-01
  135 5.70549252E-02 -5.25809E+01 -4.98826E+01  3.46793E-01  1.73740E-01  4.03478E-01
  136 6.16700547E-02 -4.86460E+01 -4.59562E+01  3.49165E-01  1.87409E-01  4.58677E-01
  137 6.66272268E-02 -4.50266E+01 -4.23461E+01  3.51350E-01  2.02006E-01  5.19904E-01
  138 7.19484066E-02 -4.16965E+01 -3.90258E+01  3.53148E-01  2.17561E-01  5.87498E-01
  139 7.76566339E-02 -3.86316E+01 -3.59714E+01  3.54641E-01  2.34123E-01  6.61749E-01
  140 8.37760454E-02 -3.58098E+01 -3.31607E+01  3.55588E-01  2.51714E-01  7.42882E-01
  141 9.03318958E-02 -3.32109E+01 -3.05738E+01  3.56090E-01  2.70381E-01  8.31031E-01
  142 9.73505759E-02 -3.08165E+01 -2.81920E+01  3.55866E-01  2.90133E-01  9.26225E-01
  143 1.04859629E-01 -2.86097E+01 -2.59987E+01  3.55038E-01  3.11013E-01  1.02836E+00
  144 1.12887763E-01 -2.65751E+01 -2.39784E+01  3.53288E-01  3.33012E-01  1.13720E+00
  145 1.21464865E-01 -2.46985E+01 -2.21170E+01  3.50765E-01  3.56166E-01  1.25230E+00
  146 1.30622004E-01 -2.29670E+01 -2.04016E+01  3.47121E-01  3.80444E-01  1.37305E+00
  147 1.40391442E-01 -2.13688E+01 -1.88204E+01  3.42533E-01  4.05871E-01  1.49863E+00
  148 1.50806631E-01 -1.98930E+01 -1.73625E+01  3.36636E-01  4.32387E-01  1.62800E+00
  149 1.61902215E-01 -1.85297E+01 -1.60181E+01  3.29640E-01  4.60004E-01  1.75989E+00
  150 1.73714028E-01 -1.72698E+01 -1.47781E+01  3.21175E-01  4.88632E-01  1.89280E+00
  151 1.86279081E-01 -1.61049E+01 -1.36342E+01  3.11487E-01  5.18266E-01  2.02504E+00
  152 1.99635556E-01 -1.50274E+01 -1.25787E+01  3.00226E-01  5.48782E-01  2.15469E+00
  153 2.13822793E-01 -1.40303E+01 -1.16047E+01  2.87666E-01  5.80157E-01  2.27970E+00
  154 2.28881269E-01 -1.31072E+01 -1.07058E+01  2.73504E-01  6.12236E-01  2.39787E+00
  155 2.44852584E-01 -1.22523E+01 -9.87617E+00  2.58037E-01  6.44976E-01  2.50696E+00
  156 2.61779432E-01 -1.14600E+01 -9.11034E+00  2.41033E-01  6.78198E-01  2.60469E+00
  157 2.79705581E-01 -1.07256E+01 -8.40341E+00  2.22806E-01  7.11839E-01  2.68885E+00
  158 2.98675837E-01 -1.00443E+01 -7.75084E+00  2.03214E-01  7.45706E-01  2.75735E+00
  159 3.18736023E-01 -9.41218E+00 -7.14846E+00  1.82575E-01  7.79722E-01  2.80835E+00
  160 3.39932933E-01 -8.82527E+00 -6.59243E+00  1.60857E-01  8.13695E-01  2.84024E+00
  161 3.62314307E-01 -8.28010E+00 -6.07925E+00  1.38367E-01  8.47534E-01  2.85181E+00
  162 3.85928782E-01 -7.77345E+00 -5.60565E+00  1.15191E-01  8.81073E-01  2.84225E+00
  163 4.10825861E-01 -7.30236E+00 -5.16866E+00  9.16077E-02  9.14215E-01  2.81123E+00
  164 4.37055862E-01 -6.86411E+00 -4.76553E+00  6.78163E-02  9.46837E-01  2.75892E+00
  165 4.64669881E-01 -6.45620E+00 -4.39371E+00  4.40594E-02  9.78846E-01  2.68602E+00
  166 4.93719740E-01 -6.07632E+00 -4.05088E+00  2.06314E-02  1.01019E+00  2.59372E+00
  167 5.24257946E-01 -5.72237E+00 -3.73486E+00 -2.27004E-03  1.04078E+00  2.48374E+00
  168 5.56337639E-01 -5.39241E+00 -3.44367E+00 -2.42781E-02  1.07065E+00  2.35820E+00
  169 5.90012546E-01 -5.08464E+00 -3.17544E+00 -4.52420E-02  1.09975E+00  2.21964E+00
  170 6.25336931E-01 -4.79741E+00 -2.92848E+00 -6.47507E-02  1.12822E+00  2.07084E+00
  171 6.62365544E-01 -4.52922E+00 -2.70119E+00 -8.26935E-02  1.15605E+00  1.91482E+00
  172 7.01153575E-01 -4.27866E+00 -2.49211E+00 -9.86412E-02  1.18349E+00  1.75466E+00
  173 7.41756601E-01 -4.04445E+00 -2.29986E+00 -1.12508E-01  1.21061E+00  1.59345E+00
  174 7.84230537E-01 -3.82541E+00 -2.12320E+00 -1.23864E-01  1.23779E+00  1.43412E+00
  175 8.28631589E-01 -3.62043E+00 -1.96092E+00 -1.32626E-01  1.26522E+00  1.27942E+00
  176 8.75016205E-01 -3.42851E+00 -1.81195E+00 -1.38376E-01  1.29343E+00  1.13177E+00
  177 9.23441025E-01 -3.24872E+00 -1.67526E+00 -1.41015E-01  1.32278E+00  9.93233E-01
  178 9.73962837E-01 -3.08020E+00 -1.54991E+00 -1.40153E-01  1.35394E+00  8.65454E-01
  179 1.02663853E+00 -2.92216E+00 -1.43500E+00 -1.35694E-01  1.38746E+00  7.49625E-01
  180 1.08152505E+00 -2.77386E+00 -1.32973E+00 -1.27357E-01  1.42413E+00  6.46490E-01
  181 1.13867936E+00 -2.63463E+00 -1.23331E+00 -1.15177E-01  1.46450E+00  5.56355E-01
  182 1.19815838E+00 -2.50384E+00 -1.14505E+00 -9.92117E-02  1.50917E+00  4.79122E-01
  183 1.26001898E+00 -2.38092E+00 -1.06428E+00 -7.99671E-02  1.55822E+00  4.14340E-01
  184 1.32431790E+00 -2.26532E+00 -9.90381E-01 -5.82334E-02  1.61130E+00  3.61262E-01
  185 1.39111175E+00 -2.15655E+00 -9.22780E-01 -3.53490E-02  1.66714E+00  3.18914E-01
  186 1.46045696E+00 -2.05415E+00 -8.60945E-01 -1.29328E-02  1.72374E+00  2.86166E-01
  187 1.53240972E+00 -1.95770E+00 -8.04383E-01  7.23218E-03  1.77844E+00  2.61798E-01
  188 1.60702599E+00 -1.86680E+00 -7.52636E-01  2.36827E-02  1.82855E+00  2.44567E-01
  189 1.68436145E+00 -1.78109E+00 -7.05283E-01  3.55324E-02  1.87190E+00  2.33254E-01
  190 1.76447145E+00 -1.70023E+00 -6.61931E-01  4.26740E-02  1.90734E+00  2.26709E-01
  191 1.84741103E+00 -1.62389E+00 -6.22220E-01  4.56322E-02  1.93481E+00  2.23875E-01
  192 1.93323483E+00 -1.55180E+00 -5.85819E-01  4.53251E-02  1.95510E+00  2.23808E-01
  193 2.02199714E+00 -1.48368E+00 -5.52424E-01  4.27642E-02  1.96947E+00  2.25682E-01
  194 2.11375180E+00 -1.41928E+00 -5.21754E-01  3.88619E-02  1.97929E+00  2.28787E-01
  195 2.20855225E+00 -1.35836E+00 -4.93554E-01  3.43318E-02  1.98578E+00  2.32526E-01
  196 2.30645146E+00 -1.30070E+00 -4.67592E-01  2.96762E-02  1.98997E+00  2.36404E-01
  197 2.40750193E+00 -1.24610E+00 -4.43654E-01  2.52150E-02  1.99261E+00  2.40021E-01
  198 2.51175566E+00 -1.19438E+00 -4.21548E-01  2.11290E-02  1.99425E+00  2.43058E-01
  199 2.61926418E+00 -1.14536E+00 -4.01099E-01  1.75034E-02  1.99526E+00  2.45268E-01
  200 2.73007848E+00 -1.09887E+00 -3.82149E-01  1.43598E-02  1.99591E+00  2.46470E-01
  201 2.84424901E+00 -1.05476E+00 -3.64555E-01  1.16834E-02  1.99635E+00  2.46538E-01
  202 2.96182571E+00 -1.01289E+00 -3.48188E-01  9.43727E-03  1.99668E+00  2.45395E-01
  203 3.08285795E+00 -9.73123E-01 -3.32933E-01  7.57589E-03  1.99697E+00  2.43006E-01
  204 3.20739454E+00 -9.35339E-01 -3.18686E-01  6.04969E-03  1.99725E+00  2.39374E-01
  205 3.33548373E+00 -8.99420E-01 -3.05355E-01  4.81119E-03  1.99754E+00  2.34532E-01
  206 3.46717319E+00 -8.65258E-01 -2.92856E-01  3.81511E-03  1.99785E+00  2.28543E-01
  207 3.60251002E+00 -8.32753E-01 -2.81115E-01  3.02149E-03  1.99816E+00  2.21491E-01
  208 3.74154073E+00 -8.01809E-01 -2.70067E-01  2.39423E-03  1.99849E+00  2.13480E-01
  209 3.88431125E+00 -7.72338E-01 -2.59651E-01  1.90273E-03  1.99883E+00  2.04627E-01
  210 4.03086691E+00 -7.44257E-01 -2.49815E-01  1.52025E-03  1.99916E+00  1.95062E-01
  211 4.18125246E+00 -7.17488E-01 -2.40513E-01  1.22468E-03  1.99948E+00  1.84920E-01
  212 4.33551205E+00 -6.91960E-01 -2.31702E-01  9.97294E-04  1.99978E+00  1.74340E-01
  213 4.49368923E+00 -6.67603E-01 -2.23344E-01  7.89031E-04  1.99991E+00  1.63461E-01
  214 4.65582698E+00 -6.44354E-01 -2.15407E-01  6.13946E-04  1.99996E+00  1.52417E-01
  215 4.82196768E+00 -6.22153E-01 -2.07860E-01  4.72487E-04  1.99998E+00  1.41338E-01
  216 4.99215310E+00 -6.00943E-01 -2.00677E-01  3.60626E-04  1.99999E+00  1.30342E-01
  217 5.16642444E+00 -5.80672E-01 -1.93831E-01  2.73347E-04  2.00000E+00  1.19540E-01
  218 5.34482232E+00 -5.61291E-01 -1.87303E-01  2.05898E-04  2.00000E+00  1.09030E-01
  219 5.52738678E+00 -5.42752E-01 -1.81072E-01  1.54172E-04  2.00000E+00  9.88962E-02
  220 5.71415725E+00 -5.25012E-01 -1.75119E-01  1.14774E-04  2.00000E+00  8.92096E-02
  221 5.90517263E+00 -5.08029E-01 -1.69428E-01  8.49532E-05  2.00000E+00  8.00280E-02
  222 6.10047123E+00 -4.91765E-01 -1.63984E-01  6.25203E-05  2.00000E+00  7.13950E-02
  223 6.30009078E+00 -4.76184E-01 -1.58774E-01  4.57462E-05  2.00000E+00  6.33413E-02
  224 6.50406847E+00 -4.61250E-01 -1.53783E-01  3.32786E-05  2.00000E+00  5.58852E-02
  225 6.71244093E+00 -4.46931E-01 -1.49001E-01  2.40676E-05  2.00000E+00  4.90336E-02
  226 6.92524425E+00 -4.33198E-01 -1.44417E-01  1.73035E-05  2.00000E+00  4.27832E-02
  227 7.14251395E+00 -4.20020E-01 -1.40019E-01  1.23666E-05  2.00000E+00  3.71220E-02
  228 7.36428504E+00 -4.07372E-01 -1.35799E-01  8.78526E-06  2.00000E+00  3.20305E-02
  229 7.59059198E+00 -3.95226E-01 -1.31748E-01  6.20337E-06  2.00000E+00  2.74829E-02
  230 7.82146872E+00 -3.83560E-01 -1.27858E-01  4.35358E-06  2.00000E+00  2.34490E-02
  231 8.05694869E+00 -3.72349E-01 -1.24120E-01  3.03660E-06  2.00000E+00  1.98948E-02
  232 8.29706479E+00 -3.61574E-01 -1.20527E-01  2.10490E-06  2.00000E+00  1.67843E-02
  233 8.54184943E+00 -3.51212E-01 -1.17072E-01  1.44996E-06  2.00000E+00  1.40801E-02
  234 8.79133453E+00 -3.41245E-01 -1.13749E-01  9.92514E-07  2.00000E+00  1.17446E-02
  235 9.04555150E+00 -3.31655E-01 -1.10552E-01  6.75081E-07  2.00000E+00  9.74071E-03
  236 9.30453126E+00 -3.22424E-01 -1.07475E-01  4.56238E-07  2.00000E+00  8.03261E-03
  237 9.56830429E+00 -3.13535E-01 -1.04512E-01  3.06354E-07  2.00000E+00  6.58604E-03
  238 9.83690055E+00 -3.04974E-01 -1.01658E-01  2.04377E-07  2.00000E+00  5.36887E-03
  239 1.01103496E+01 -2.96726E-01 -9.89087E-02  1.35456E-07  2.00000E+00  4.35133E-03
  240 1.03886804E+01 -2.88776E-01 -9.62587E-02  8.91867E-08  2.00000E+00  3.50615E-03
  241 1.06719217E+01 -2.81112E-01 -9.37039E-02  5.83338E-08  2.00000E+00  2.80864E-03
  242 1.09601016E+01 -2.73720E-01 -9.12401E-02  3.79001E-08  2.00000E+00  2.23670E-03
  243 1.12532479E+01 -2.66590E-01 -8.88633E-02  2.44591E-08  2.00000E+00  1.77072E-03
  244 1.15513877E+01 -2.59709E-01 -8.65697E-02  1.56784E-08  2.00000E+00  1.39353E-03
  245 1.18545482E+01 -2.53067E-01 -8.43558E-02  9.98181E-09  2.00000E+00  1.09016E-03
  246 1.21627556E+01 -2.46655E-01 -8.22182E-02  6.31164E-09  2.00000E+00  8.47729E-04
  247 1.24760361E+01 -2.40461E-01 -8.01537E-02  3.96356E-09  2.00000E+00  6.55252E-04
  248 1.27944153E+01 -2.34477E-01 -7.81591E-02  2.47184E-09  2.00000E+00  5.03418E-04
  249 1.31179184E+01 -2.28695E-01 -7.62316E-02  1.53084E-09  2.00000E+00  3.84420E-04
  250 1.34465705E+01 -2.23105E-01 -7.43684E-02  9.41450E-10  2.00000E+00  2.91762E-04
  251 1.37803959E+01 -2.17701E-01 -7.25669E-02  5.74920E-10  2.00000E+00  2.20080E-04
  252 1.41194187E+01 -2.12473E-01 -7.08244E-02  3.48613E-10  2.00000E+00  1.64988E-04
  253 1.44636628E+01 -2.07416E-01 -6.91388E-02  2.09890E-10  2.00000E+00  1.22922E-04
  254 1.48131514E+01 -2.02523E-01 -6.75076E-02  1.25468E-10  2.00000E+00  9.10126E-05
  255 1.51679077E+01 -1.97786E-01 -6.59287E-02  7.44650E-11  2.00000E+00  6.69660E-05
  256 1.55279543E+01 -1.93200E-01 -6.44000E-02  4.38770E-11  2.00000E+00  4.89639E-05
  257 1.58933136E+01 -1.88759E-01 -6.29195E-02  2.56667E-11  2.00000E+00  3.55759E-05
  258 1.62640075E+01 -1.84456E-01 -6.14855E-02  1.49052E-11  2.00000E+00  2.56851E-05
  259 1.66400577E+01 -1.80288E-01 -6.00959E-02  8.59263E-12  2.00000E+00  1.84264E-05
  260 1.70214855E+01 -1.76248E-01 -5.87493E-02  4.91722E-12  2.00000E+00  1.31348E-05
  261 1.74083120E+01 -1.72331E-01 -5.74438E-02  2.79322E-12  2.00000E+00  9.30291E-06
  262 1.78005579E+01 -1.68534E-01 -5.61780E-02  1.57496E-12  2.00000E+00  6.54660E-06
  263 1.81982435E+01 -1.64851E-01 -5.49504E-02  8.81441E-13  2.00000E+00  4.57725E-06
  264 1.86013890E+01 -1.61278E-01 -5.37594E-02  4.89643E-13  2.00000E+00  3.17962E-06
  265 1.90100141E+01 -1.57812E-01 -5.26039E-02  2.69958E-13  2.00000E+00  2.19441E-06
  266 1.94241383E+01 -1.54447E-01 -5.14823E-02  1.47715E-13  2.00000E+00  1.50460E-06
  267 1.98437810E+01 -1.51181E-01 -5.03936E-02  8.02206E-14  2.00000E+00  1.02489E-06
  268 2.02689608E+01 -1.48010E-01 -4.93365E-02  4.32362E-14  2.00000E+00  6.93551E-07
  269 2.06996967E+01 -1.44930E-01 -4.83099E-02  2.31273E-14  2.00000E+00  4.66245E-07
  270 2.11360068E+01 -1.41938E-01 -4.73126E-02  1.22680E-14  2.00000E+00  3.11370E-07
  271 2.15779093E+01 -1.39031E-01 -4.63437E-02  6.46011E-15  2.00000E+00  2.06566E-07
  272 2.20254221E+01 -1.36206E-01 -4.54021E-02  3.37924E-15  2.00000E+00  1.36129E-07
  273 2.24785628E+01 -1.33460E-01 -4.44868E-02  1.74860E-15  2.00000E+00  8.91139E-08
  274 2.29373487E+01 -1.30791E-01 -4.35970E-02  9.02056E-16  2.00000E+00  5.79477E-08
  275 2.34017968E+01 -1.28195E-01 -4.27318E-02  4.64906E-16  2.00000E+00  3.74295E-08
  276 2.38719240E+01 -1.25671E-01 -4.18902E-02  2.35922E-16  2.00000E+00  2.40146E-08
  277 2.43477470E+01 -1.23215E-01 -4.10716E-02  1.17961E-16  2.00000E+00  1.53041E-08
  278 2.48292821E+01 -1.20825E-01 -4.02750E-02  6.24500E-17  2.00000E+00  9.68748E-09
  279 2.53165453E+01 -1.18500E-01 -3.94999E-02  2.77556E-17  2.00000E+00  6.09080E-09
  280 2.58095527E+01 -1.16236E-01 -3.87453E-02  1.38778E-17  2.00000E+00  3.80359E-09
  281 2.63083199E+01 -1.14032E-01 -3.80108E-02  6.93889E-18  2.00000E+00  2.35918E-09
  282 2.68128623E+01 -1.11887E-01 -3.72955E-02  0.00000E+00  2.00000E+00  1.45336E-09
  283 2.73231953E+01 -1.09797E-01 -3.65989E-02  0.00000E+00  2.00000E+00  8.89245E-10
  284 2.78393338E+01 -1.07761E-01 -3.59204E-02  0.00000E+00  2.00000E+00  5.40384E-10
  285 2.83612926E+01 -1.05778E-01 -3.52593E-02  0.00000E+00  2.00000E+00  3.26145E-10
  286 2.88890865E+01 -1.03845E-01 -3.46151E-02  0.00000E+00  2.00000E+00  1.95497E-10
  287 2.94227298E+01 -1.01962E-01 -3.39873E-02  0.00000E+00  2.00000E+00  1.16382E-10
  288 2.99622367E+01 -1.00126E-01 -3.33753E-02  0.00000E+00  2.00000E+00  6.88083E-11
  289 3.05076212E+01 -9.83361E-02 -3.27787E-02  0.00000E+00  2.00000E+00  4.04021E-11
  290 3.10588973E+01 -9.65907E-02 -3.21969E-02  0.00000E+00  2.00000E+00  2.35596E-11
  291 3.16160785E+01 -9.48884E-02 -3.16295E-02  0.00000E+00  2.00000E+00  1.36436E-11
  292 3.21791784E+01 -9.32280E-02 -3.10760E-02  0.00000E+00  2.00000E+00  7.84664E-12
  293 3.27482101E+01 -9.16081E-02 -3.05360E-02  0.00000E+00  2.00000E+00  4.48152E-12
  294 3.33231869E+01 -9.00274E-02 -3.00091E-02  0.00000E+00  2.00000E+00  2.54185E-12
  295 3.39041216E+01 -8.84848E-02 -2.94949E-02  0.00000E+00  2.00000E+00  1.43171E-12
  296 3.44910270E+01 -8.69791E-02 -2.89930E-02  0.00000E+00  2.00000E+00  8.00820E-13
  297 3.50839158E+01 -8.55093E-02 -2.85031E-02  0.00000E+00  2.00000E+00  4.44821E-13
  298 3.56828003E+01 -8.40741E-02 -2.80247E-02  0.00000E+00  2.00000E+00  2.45360E-13
  299 3.62876928E+01 -8.26727E-02 -2.75576E-02  0.00000E+00  2.00000E+00  1.34395E-13
  300 3.68986054E+01 -8.13039E-02 -2.71013E-02  0.00000E+00  2.00000E+00  7.31011E-14
  301 3.75155501E+01 -7.99668E-02 -2.66556E-02  0.00000E+00  2.00000E+00  3.94838E-14
  302 3.81385387E+01 -7.86606E-02 -2.62202E-02  0.00000E+00  2.00000E+00  2.11771E-14
  303 3.87675827E+01 -7.73842E-02 -2.57947E-02  0.00000E+00  2.00000E+00  1.12787E-14
  304 3.94026938E+01 -7.61369E-02 -2.53790E-02  0.00000E+00  2.00000E+00  5.96484E-15
  305 4.00438832E+01 -7.49178E-02 -2.49726E-02  0.00000E+00  2.00000E+00  3.13241E-15
  306 4.06911621E+01 -7.37261E-02 -2.45754E-02  0.00000E+00  2.00000E+00  1.63341E-15
  307 4.13445417E+01 -7.25610E-02 -2.41870E-02  0.00000E+00  2.00000E+00  8.45754E-16
  308 4.20040328E+01 -7.14217E-02 -2.38072E-02  0.00000E+00  2.00000E+00  4.34834E-16
  309 4.26696462E+01 -7.03076E-02 -2.34359E-02  0.00000E+00  2.00000E+00  2.21988E-16
  310 4.33413926E+01 -6.92179E-02 -2.30726E-02  0.00000E+00  2.00000E+00  1.12528E-16
  311 4.40192825E+01 -6.81520E-02 -2.27173E-02  0.00000E+00  2.00000E+00  5.66383E-17
  312 4.47033263E+01 -6.71091E-02 -2.23697E-02  0.00000E+00  2.00000E+00  2.83052E-17
  313 4.53935342E+01 -6.60887E-02 -2.20296E-02  0.00000E+00  2.00000E+00  1.40459E-17
  314 4.60899163E+01 -6.50902E-02 -2.16967E-02  0.00000E+00  2.00000E+00  6.92055E-18
  315 4.67924828E+01 -6.41129E-02 -2.13710E-02  0.00000E+00  2.00000E+00  3.38563E-18
  316 4.75012434E+01 -6.31562E-02 -2.10521E-02  0.00000E+00  2.00000E+00  1.64453E-18
  317 4.82162079E+01 -6.22197E-02 -2.07399E-02  0.00000E+00  2.00000E+00  7.93135E-19
  318 4.89373860E+01 -6.13028E-02 -2.04343E-02  0.00000E+00  2.00000E+00  3.79795E-19
  319 4.96647872E+01 -6.04050E-02 -2.01350E-02  0.00000E+00  2.00000E+00  1.80570E-19
  320 5.03984210E+01 -5.95257E-02 -1.98419E-02  0.00000E+00  2.00000E+00  8.52384E-20
  321 5.11382965E+01 -5.86644E-02 -1.95548E-02  0.00000E+00  2.00000E+00  3.99497E-20
  322 5.18844232E+01 -5.78208E-02 -1.92736E-02  0.00000E+00  2.00000E+00  1.85899E-20
  323 5.26368099E+01 -5.69943E-02 -1.89981E-02  0.00000E+00  2.00000E+00  8.58865E-21
  324 5.33954657E+01 -5.61845E-02 -1.87282E-02  0.00000E+00  2.00000E+00  0.00000E+00
  325 5.41603995E+01 -5.53910E-02 -1.84637E-02  0.00000E+00  2.00000E+00  0.00000E+00
  326 5.49316201E+01 -5.46134E-02 -1.82045E-02  0.00000E+00  2.00000E+00  0.00000E+00
  327 5.57091360E+01 -5.38511E-02 -1.79504E-02  0.00000E+00  2.00000E+00  0.00000E+00
  328 5.64929560E+01 -5.31040E-02 -1.77013E-02  0.00000E+00  2.00000E+00  0.00000E+00
  329 5.72830884E+01 -5.23715E-02 -1.74572E-02  0.00000E+00  2.00000E+00  0.00000E+00
  330 5.80795416E+01 -5.16533E-02 -1.72178E-02  0.00000E+00  2.00000E+00  0.00000E+00
  331 5.88823239E+01 -5.09491E-02 -1.69830E-02  0.00000E+00  2.00000E+00  0.00000E+00
  332 5.96914435E+01 -5.02585E-02 -1.67528E-02  0.00000E+00  2.00000E+00  0.00000E+00
  333 6.05069085E+01 -4.95811E-02 -1.65270E-02  0.00000E+00  2.00000E+00  0.00000E+00
  334 6.13287268E+01 -4.89167E-02 -1.63056E-02  0.00000E+00  2.00000E+00  0.00000E+00
  335 6.21569064E+01 -4.82650E-02 -1.60883E-02  0.00000E+00  2.00000E+00  0.00000E+00
  336 6.29914551E+01 -4.76255E-02 -1.58752E-02  0.00000E+00  2.00000E+00  0.00000E+00
  337 6.38323806E+01 -4.69981E-02 -1.56660E-02  0.00000E+00  2.00000E+00  0.00000E+00
  338 6.46796906E+01 -4.63824E-02 -1.54608E-02  0.00000E+00  2.00000E+00  0.00000E+00
  339 6.55333927E+01 -4.57782E-02 -1.52594E-02  0.00000E+00  2.00000E+00  0.00000E+00
  340 6.63934942E+01 -4.51852E-02 -1.50617E-02  0.00000E+00  2.00000E+00  0.00000E+00
  341 6.72600027E+01 -4.46030E-02 -1.48677E-02  0.00000E+00  2.00000E+00  0.00000E+00
  342 6.81329254E+01 -4.40316E-02 -1.46772E-02  0.00000E+00  2.00000E+00  0.00000E+00
  343 6.90122695E+01 -4.34705E-02 -1.44902E-02  0.00000E+00  2.00000E+00  0.00000E+00
  344 6.98980423E+01 -4.29197E-02 -1.43066E-02  0.00000E+00  2.00000E+00  0.00000E+00
  345 7.07902507E+01 -4.23787E-02 -1.41262E-02  0.00000E+00  2.00000E+00  0.00000E+00
  346 7.16889019E+01 -4.18475E-02 -1.39492E-02  0.00000E+00  2.00000E+00  0.00000E+00
  347 7.25940027E+01 -4.13257E-02 -1.37752E-02  0.00000E+00  2.00000E+00  0.00000E+00
  348 7.35055600E+01 -4.08132E-02 -1.36044E-02  0.00000E+00  2.00000E+00  0.00000E+00
  349 7.44235805E+01 -4.03098E-02 -1.34366E-02  0.00000E+00  2.00000E+00  0.00000E+00
  350 7.53480710E+01 -3.98152E-02 -1.32717E-02  0.00000E+00  2.00000E+00  0.00000E+00
  351 7.62790382E+01 -3.93293E-02 -1.31098E-02  0.00000E+00  2.00000E+00  0.00000E+00
  352 7.72164885E+01 -3.88518E-02 -1.29506E-02  0.00000E+00  2.00000E+00  0.00000E+00
  353 7.81604285E+01 -3.83826E-02 -1.27942E-02  0.00000E+00  2.00000E+00  0.00000E+00
  354 7.91108647E+01 -3.79215E-02 -1.26405E-02  0.00000E+00  2.00000E+00  0.00000E+00
  355 8.00678034E+01 -3.74682E-02 -1.24894E-02  0.00000E+00  2.00000E+00  0.00000E+00
  356 8.10312508E+01 -3.70228E-02 -1.23409E-02  0.00000E+00  2.00000E+00  0.00000E+00
  357 8.20012133E+01 -3.65848E-02 -1.21949E-02  0.00000E+00  2.00000E+00  0.00000E+00
  358 8.29776970E+01 -3.61543E-02 -1.20514E-02  0.00000E+00  2.00000E+00  0.00000E+00
  359 8.39607080E+01 -3.57310E-02 -1.19103E-02  0.00000E+00  2.00000E+00  0.00000E+00
  360 8.49502523E+01 -3.53148E-02 -1.17716E-02  0.00000E+00  2.00000E+00  0.00000E+00
  361 8.59463360E+01 -3.49055E-02 -1.16352E-02  0.00000E+00  2.00000E+00  0.00000E+00
  362 8.69489650E+01 -3.45030E-02 -1.15010E-02  0.00000E+00  2.00000E+00  0.00000E+00
  363 8.79581452E+01 -3.41071E-02 -1.13690E-02  0.00000E+00  2.00000E+00  0.00000E+00
  364 8.89738823E+01 -3.37178E-02 -1.12393E-02  0.00000E+00  2.00000E+00  0.00000E+00
  365 8.99961821E+01 -3.33347E-02 -1.11116E-02  0.00000E+00  2.00000E+00  0.00000E+00
  366 9.10250503E+01 -3.29580E-02 -1.09860E-02  0.00000E+00  2.00000E+00  0.00000E+00
  367 9.20604925E+01 -3.25873E-02 -1.08624E-02  0.00000E+00  2.00000E+00  0.00000E+00
  368 9.31025144E+01 -3.22225E-02 -1.07408E-02  0.00000E+00  2.00000E+00  0.00000E+00
  369 9.41511214E+01 -3.18637E-02 -1.06212E-02  0.00000E+00  2.00000E+00  0.00000E+00
  370 9.52063190E+01 -3.15105E-02 -1.05035E-02  0.00000E+00  2.00000E+00  0.00000E+00
  371 9.62681127E+01 -3.11630E-02 -1.03877E-02  0.00000E+00  2.00000E+00  0.00000E+00
  372 9.73365078E+01 -3.08209E-02 -1.02736E-02  0.00000E+00  2.00000E+00  0.00000E+00
  373 9.84115096E+01 -3.04842E-02 -1.01614E-02  0.00000E+00  2.00000E+00  0.00000E+00
  374 9.94931234E+01 -3.01528E-02 -1.00509E-02  0.00000E+00  2.00000E+00  0.00000E+00
  375 1.00581354E+02 -2.98266E-02 -9.94220E-03  0.00000E+00  2.00000E+00  0.00000E+00
  376 1.01676208E+02 -2.95054E-02 -9.83514E-03  0.00000E+00  2.00000E+00  0.00000E+00
  377 1.02777689E+02 -2.91892E-02 -9.72974E-03  0.00000E+00  2.00000E+00  0.00000E+00
  378 1.03885802E+02 -2.88779E-02 -9.62595E-03  0.00000E+00  2.00000E+00  0.00000E+00
  379 1.05000553E+02 -2.85713E-02 -9.52376E-03  0.00000E+00  2.00000E+00  0.00000E+00
  380 1.06121947E+02 -2.82694E-02 -9.42312E-03  0.00000E+00  2.00000E+00  0.00000E+00
  381 1.07249988E+02 -2.79720E-02 -9.32401E-03  0.00000E+00  2.00000E+00  0.00000E+00
  382 1.08384681E+02 -2.76792E-02 -9.22640E-03  0.00000E+00  2.00000E+00  0.00000E+00
  383 1.09526031E+02 -2.73907E-02 -9.13025E-03  0.00000E+00  2.00000E+00  0.00000E+00
  384 1.10674044E+02 -2.71066E-02 -9.03554E-03  0.00000E+00  2.00000E+00  0.00000E+00
  385 1.11828723E+02 -2.68267E-02 -8.94225E-03  0.00000E+00  2.00000E+00  0.00000E+00
  386 1.12990074E+02 -2.65510E-02 -8.85033E-03  0.00000E+00  2.00000E+00  0.00000E+00
  387 1.14158101E+02 -2.62793E-02 -8.75978E-03  0.00000E+00  2.00000E+00  0.00000E+00
  388 1.15332808E+02 -2.60117E-02 -8.67056E-03  0.00000E+00  2.00000E+00  0.00000E+00
  389 1.16514201E+02 -2.57479E-02 -8.58264E-03  0.00000E+00  2.00000E+00  0.00000E+00
  390 1.17702283E+02 -2.54880E-02 -8.49601E-03  0.00000E+00  2.00000E+00  0.00000E+00
  391 1.18897060E+02 -2.52319E-02 -8.41064E-03  0.00000E+00  2.00000E+00  0.00000E+00
  392 1.20098536E+02 -2.49795E-02 -8.32650E-03  0.00000E+00  2.00000E+00  0.00000E+00
  393 1.21306715E+02 -2.47307E-02 -8.24357E-03  0.00000E+00  2.00000E+00  0.00000E+00
  394 1.22521601E+02 -2.44855E-02 -8.16183E-03  0.00000E+00  2.00000E+00  0.00000E+00
  395 1.23743199E+02 -2.42438E-02 -8.08125E-03  0.00000E+00  2.00000E+00  0.00000E+00
  396 1.24971514E+02 -2.40055E-02 -8.00182E-03  0.00000E+00  2.00000E+00  0.00000E+00
  397 1.26206549E+02 -2.37706E-02 -7.92352E-03  0.00000E+00  2.00000E+00  0.00000E+00
  398 1.27448308E+02 -2.35390E-02 -7.84632E-03  0.00000E+00  2.00000E+00  0.00000E+00
  399 1.28696797E+02 -2.33106E-02 -7.77020E-03  0.00000E+00  2.00000E+00  0.00000E+00
  400 1.29952018E+02 -2.30854E-02 -7.69515E-03  0.00000E+00  2.00000E+00  0.00000E+00
  401 1.31213976E+02 -2.28634E-02 -7.62114E-03  0.00000E+00  2.00000E+00  0.00000E+00
  402 1.32482676E+02 -2.26445E-02 -7.54816E-03  0.00000E+00  2.00000E+00  0.00000E+00
  403 1.33758121E+02 -2.24285E-02 -7.47618E-03  0.00000E+00  2.00000E+00  0.00000E+00
  404 1.35040315E+02 -2.22156E-02 -7.40520E-03  0.00000E+00  2.00000E+00  0.00000E+00
  405 1.36329262E+02 -2.20055E-02 -7.33518E-03  0.00000E+00  2.00000E+00  0.00000E+00
  406 1.37624967E+02 -2.17984E-02 -7.26612E-03  0.00000E+00  2.00000E+00  0.00000E+00
  407 1.38927432E+02 -2.15940E-02 -7.19800E-03  0.00000E+00  2.00000E+00  0.00000E+00
  408 1.40236663E+02 -2.13924E-02 -7.13080E-03  0.00000E+00  2.00000E+00  0.00000E+00
  409 1.41552662E+02 -2.11935E-02 -7.06451E-03  0.00000E+00  2.00000E+00  0.00000E+00
  410 1.42875433E+02 -2.09973E-02 -6.99910E-03  0.00000E+00  2.00000E+00  0.00000E+00
  411 1.44204981E+02 -2.08037E-02 -6.93457E-03  0.00000E+00  2.00000E+00  0.00000E+00
  412 1.45541310E+02 -2.06127E-02 -6.87090E-03  0.00000E+00  2.00000E+00  0.00000E+00
  413 1.46884422E+02 -2.04242E-02 -6.80807E-03  0.00000E+00  2.00000E+00  0.00000E+00
  414 1.48234321E+02 -2.02382E-02 -6.74608E-03  0.00000E+00  2.00000E+00  0.00000E+00
  415 1.49591011E+02 -2.00547E-02 -6.68489E-03  0.00000E+00  2.00000E+00  0.00000E+00
  416 1.50954497E+02 -1.98735E-02 -6.62451E-03  0.00000E+00  2.00000E+00  0.00000E+00
  417 1.52324780E+02 -1.96948E-02 -6.56492E-03  0.00000E+00  2.00000E+00  0.00000E+00
  418 1.53701866E+02 -1.95183E-02 -6.50610E-03  0.00000E+00  2.00000E+00  0.00000E+00
  419 1.55085757E+02 -1.93441E-02 -6.44805E-03  0.00000E+00  2.00000E+00  0.00000E+00
  420 1.56476457E+02 -1.91722E-02 -6.39074E-03  0.00000E+00  2.00000E+00  0.00000E+00
  421 1.57873969E+02 -1.90025E-02 -6.33417E-03  0.00000E+00  2.00000E+00  0.00000E+00
  422 1.59278297E+02 -1.88350E-02 -6.27832E-03  0.00000E+00  2.00000E+00  0.00000E+00
  423 1.60689445E+02 -1.86696E-02 -6.22318E-03  0.00000E+00  2.00000E+00  0.00000E+00
  424 1.62107415E+02 -1.85062E-02 -6.16875E-03  0.00000E+00  2.00000E+00  0.00000E+00
  425 1.63532211E+02 -1.83450E-02 -6.11500E-03  0.00000E+00  2.00000E+00  0.00000E+00
  426 1.64963837E+02 -1.81858E-02 -6.06193E-03  0.00000E+00  2.00000E+00  0.00000E+00
  427 1.66402295E+02 -1.80286E-02 -6.00953E-03  0.00000E+00  2.00000E+00  0.00000E+00
  428 1.67847590E+02 -1.78734E-02 -5.95779E-03  0.00000E+00  2.00000E+00  0.00000E+00
  429 1.69299723E+02 -1.77201E-02 -5.90668E-03  0.00000E+00  2.00000E+00  0.00000E+00
  430 1.70758699E+02 -1.75687E-02 -5.85622E-03  0.00000E+00  2.00000E+00  0.00000E+00
  431 1.72224521E+02 -1.74191E-02 -5.80637E-03  0.00000E+00  2.00000E+00  0.00000E+00
  432 1.73697192E+02 -1.72714E-02 -5.75715E-03  0.00000E+00  2.00000E+00  0.00000E+00
  433 1.75176714E+02 -1.71256E-02 -5.70852E-03  0.00000E+00  2.00000E+00  0.00000E+00
  434 1.76663092E+02 -1.69815E-02 -5.66049E-03  0.00000E+00  2.00000E+00  0.00000E+00
  435 1.78156328E+02 -1.68391E-02 -5.61305E-03  0.00000E+00  2.00000E+00  0.00000E+00
  436 1.79656426E+02 -1.66985E-02 -5.56618E-03  0.00000E+00  2.00000E+00  0.00000E+00
  437 1.81163388E+02 -1.65596E-02 -5.51988E-03  0.00000E+00  2.00000E+00  0.00000E+00
  438 1.82677217E+02 -1.64224E-02 -5.47414E-03  0.00000E+00  2.00000E+00  0.00000E+00
  439 1.84197917E+02 -1.62868E-02 -5.42894E-03  0.00000E+00  2.00000E+00  0.00000E+00
  440 1.85725491E+02 -1.61529E-02 -5.38429E-03  0.00000E+00  2.00000E+00  0.00000E+00
  441 1.87259941E+02 -1.60205E-02 -5.34017E-03  0.00000E+00  2.00000E+00  0.00000E+00
  442 1.88801270E+02 -1.58897E-02 -5.29657E-03  0.00000E+00  2.00000E+00  0.00000E+00
  443 1.90349482E+02 -1.57605E-02 -5.25349E-03  0.00000E+00  2.00000E+00  0.00000E+00
  444 1.91904579E+02 -1.56328E-02 -5.21092E-03  0.00000E+00  2.00000E+00  0.00000E+00
  445 1.93466564E+02 -1.55066E-02 -5.16885E-03  0.00000E+00  2.00000E+00  0.00000E+00
  446 1.95035440E+02 -1.53818E-02 -5.12727E-03  0.00000E+00  2.00000E+00  0.00000E+00
  447 1.96611210E+02 -1.52585E-02 -5.08618E-03  0.00000E+00  2.00000E+00  0.00000E+00
  448 1.98193877E+02 -1.51367E-02 -5.04556E-03  0.00000E+00  2.00000E+00  0.00000E+00
  449 1.99783443E+02 -1.50163E-02 -5.00542E-03  0.00000E+00  2.00000E+00  0.00000E+00
  450 2.01379911E+02 -1.48972E-02 -4.96574E-03  0.00000E+00  2.00000E+00  0.00000E+00
  451 2.02983284E+02 -1.47795E-02 -4.92651E-03  0.00000E+00  2.00000E+00  0.00000E+00
  452 2.04593566E+02 -1.46632E-02 -4.88774E-03  0.00000E+00  2.00000E+00  0.00000E+00
  453 2.06210757E+02 -1.45482E-02 -4.84941E-03  0.00000E+00  2.00000E+00  0.00000E+00
  454 2.07834862E+02 -1.44345E-02 -4.81151E-03  0.00000E+00  2.00000E+00  0.00000E+00
  455 2.09465882E+02 -1.43221E-02 -4.77405E-03  0.00000E+00  2.00000E+00  0.00000E+00
  456 2.11103821E+02 -1.42110E-02 -4.73701E-03  0.00000E+00  2.00000E+00  0.00000E+00
  457 2.12748682E+02 -1.41011E-02 -4.70038E-03  0.00000E+00  2.00000E+00  0.00000E+00
  458 2.14400466E+02 -1.39925E-02 -4.66417E-03  0.00000E+00  2.00000E+00  0.00000E+00
  459 2.16059176E+02 -1.38851E-02 -4.62836E-03  0.00000E+00  2.00000E+00  0.00000E+00
  460 2.17724815E+02 -1.37789E-02 -4.59295E-03  0.00000E+00  2.00000E+00  0.00000E+00
  461 2.19397386E+02 -1.36738E-02 -4.55794E-03  0.00000E+00  2.00000E+00  0.00000E+00
  462 2.21076891E+02 -1.35699E-02 -4.52331E-03  0.00000E+00  2.00000E+00  0.00000E+00
  463 2.22763332E+02 -1.34672E-02 -4.48907E-03  0.00000E+00  2.00000E+00  0.00000E+00
  464 2.24456713E+02 -1.33656E-02 -4.45520E-03  0.00000E+00  2.00000E+00  0.00000E+00
  465 2.26157035E+02 -1.32651E-02 -4.42171E-03  0.00000E+00  2.00000E+00  0.00000E+00
  466 2.27864301E+02 -1.31657E-02 -4.38858E-03  0.00000E+00  2.00000E+00  0.00000E+00
  467 2.29578514E+02 -1.30674E-02 -4.35581E-03  0.00000E+00  2.00000E+00  0.00000E+00
  468 2.31299676E+02 -1.29702E-02 -4.32340E-03  0.00000E+00  2.00000E+00  0.00000E+00
  469 2.33027789E+02 -1.28740E-02 -4.29133E-03  0.00000E+00  2.00000E+00  0.00000E+00
  470 2.34762857E+02 -1.27789E-02 -4.25962E-03  0.00000E+00  2.00000E+00  0.00000E+00
  471 2.36504880E+02 -1.26847E-02 -4.22824E-03  0.00000E+00  2.00000E+00  0.00000E+00
  472 2.38253862E+02 -1.25916E-02 -4.19720E-03  0.00000E+00  2.00000E+00  0.00000E+00
  473 2.40009805E+02 -1.24995E-02 -4.16650E-03  0.00000E+00  2.00000E+00  0.00000E+00
  474 2.41772711E+02 -1.24083E-02 -4.13612E-03  0.00000E+00  2.00000E+00  0.00000E+00
  475 2.43542583E+02 -1.23182E-02 -4.10606E-03  0.00000E+00  2.00000E+00  0.00000E+00
  476 2.45319422E+02 -1.22290E-02 -4.07632E-03  0.00000E+00  2.00000E+00  0.00000E+00
  477 2.47103232E+02 -1.21407E-02 -4.04689E-03  0.00000E+00  2.00000E+00  0.00000E+00
  478 2.48894015E+02 -1.20533E-02 -4.01777E-03  0.00000E+00  2.00000E+00  0.00000E+00
  479 2.50691772E+02 -1.19669E-02 -3.98896E-03  0.00000E+00  2.00000E+00  0.00000E+00
  480 2.52496507E+02 -1.18814E-02 -3.96045E-03  0.00000E+00  2.00000E+00  0.00000E+00
  481 2.54308220E+02 -1.17967E-02 -3.93224E-03  0.00000E+00  2.00000E+00  0.00000E+00
  482 2.56126916E+02 -1.17129E-02 -3.90431E-03  0.00000E+00  2.00000E+00  0.00000E+00
  483 2.57952595E+02 -1.16300E-02 -3.87668E-03  0.00000E+00  2.00000E+00  0.00000E+00
  484 2.59785259E+02 -1.15480E-02 -3.84933E-03  0.00000E+00  2.00000E+00  0.00000E+00
  485 2.61624912E+02 -1.14668E-02 -3.82227E-03  0.00000E+00  2.00000E+00  0.00000E+00
  486 2.63471555E+02 -1.13864E-02 -3.79548E-03  0.00000E+00  2.00000E+00  0.00000E+00
  487 2.65325191E+02 -1.13069E-02 -3.76896E-03  0.00000E+00  2.00000E+00  0.00000E+00
  488 2.67185821E+02 -1.12281E-02 -3.74271E-03  0.00000E+00  2.00000E+00  0.00000E+00
  489 2.69053448E+02 -1.11502E-02 -3.71673E-03  0.00000E+00  2.00000E+00  0.00000E+00
  490 2.70928073E+02 -1.10730E-02 -3.69102E-03  0.00000E+00  2.00000E+00  0.00000E+00
  491 2.72809700E+02 -1.09967E-02 -3.66556E-03  0.00000E+00  2.00000E+00  0.00000E+00
  492 2.74698329E+02 -1.09211E-02 -3.64036E-03  0.00000E+00  2.00000E+00  0.00000E+00
  493 2.76593963E+02 -1.08462E-02 -3.61541E-03  0.00000E+00  2.00000E+00  0.00000E+00
  494 2.78496605E+02 -1.07721E-02 -3.59071E-03  0.00000E+00  2.00000E+00  0.00000E+00
  495 2.80406255E+02 -1.06988E-02 -3.56625E-03  0.00000E+00  2.00000E+00  0.00000E+00
  496 2.82322917E+02 -1.06261E-02 -3.54204E-03  0.00000E+00  2.00000E+00  0.00000E+00
  497 2.84246591E+02 -1.05542E-02 -3.51807E-03  0.00000E+00  2.00000E+00  0.00000E+00
  498 2.86177281E+02 -1.04830E-02 -3.49434E-03  0.00000E+00  2.00000E+00  0.00000E+00
  499 2.88114988E+02 -1.04125E-02 -3.47084E-03  0.00000E+00  2.00000E+00  0.00000E+00
  500 2.90059714E+02 -1.03427E-02 -3.44757E-03  0.00000E+00  2.00000E+00  0.00000E+00
  501 2.92011462E+02 -1.02736E-02 -3.42452E-03  0.00000E+00  2.00000E+00  0.00000E+00
  502 2.93970232E+02 -1.02051E-02 -3.40170E-03  0.00000E+00  2.00000E+00  0.00000E+00
  503 2.95936027E+02 -1.01373E-02 -3.37911E-03  0.00000E+00  2.00000E+00  0.00000E+00
  504 2.97908849E+02 -1.00702E-02 -3.35673E-03  0.00000E+00  2.00000E+00  0.00000E+00
  505 2.99888700E+02 -1.00037E-02 -3.33457E-03  0.00000E+00  2.00000E+00  0.00000E+00
  506 3.01875582E+02 -9.93787E-03 -3.31262E-03  0.00000E+00  2.00000E+00  0.00000E+00
  507 3.03869496E+02 -9.87266E-03 -3.29089E-03  0.00000E+00  2.00000E+00  0.00000E+00
  508 3.05870444E+02 -9.80807E-03 -3.26936E-03  0.00000E+00  2.00000E+00  0.00000E+00
  509 3.07878430E+02 -9.74411E-03 -3.24804E-03  0.00000E+00  2.00000E+00  0.00000E+00
  510 3.09893453E+02 -9.68075E-03 -3.22692E-03  0.00000E+00  2.00000E+00  0.00000E+00
  511 3.11915516E+02 -9.61799E-03 -3.20600E-03  0.00000E+00  2.00000E+00  0.00000E+00
  512 3.13944621E+02 -9.55583E-03 -3.18528E-03  0.00000E+00  2.00000E+00  0.00000E+00
  513 3.15980770E+02 -9.49425E-03 -3.16475E-03  0.00000E+00  2.00000E+00  0.00000E+00
  514 3.18023965E+02 -9.43325E-03 -3.14442E-03  0.00000E+00  2.00000E+00  0.00000E+00
  515 3.20074207E+02 -9.37283E-03 -3.12428E-03  0.00000E+00  2.00000E+00  0.00000E+00
  516 3.22131498E+02 -9.31297E-03 -3.10432E-03  0.00000E+00  2.00000E+00  0.00000E+00
  517 3.24195840E+02 -9.25367E-03 -3.08456E-03  0.00000E+00  2.00000E+00  0.00000E+00
  518 3.26267234E+02 -9.19492E-03 -3.06497E-03  0.00000E+00  2.00000E+00  0.00000E+00
  519 3.28345683E+02 -9.13671E-03 -3.04557E-03  0.00000E+00  2.00000E+00  0.00000E+00
  520 3.30431188E+02 -9.07905E-03 -3.02635E-03  0.00000E+00  2.00000E+00  0.00000E+00
  521 3.32523751E+02 -9.02191E-03 -3.00730E-03  0.00000E+00  2.00000E+00  0.00000E+00
  522 3.34623374E+02 -8.96530E-03 -2.98843E-03  0.00000E+00  2.00000E+00  0.00000E+00
  523 3.36730058E+02 -8.90921E-03 -2.96974E-03  0.00000E+00  2.00000E+00  0.00000E+00
  524 3.38843805E+02 -8.85364E-03 -2.95121E-03  0.00000E+00  2.00000E+00  0.00000E+00
  525 3.40964617E+02 -8.79857E-03 -2.93286E-03  0.00000E+00  2.00000E+00  0.00000E+00
  526 3.43092495E+02 -8.74400E-03 -2.91467E-03  0.00000E+00  2.00000E+00  0.00000E+00
  527 3.45227442E+02 -8.68992E-03 -2.89664E-03  0.00000E+00  2.00000E+00  0.00000E+00
  528 3.47369458E+02 -8.63634E-03 -2.87878E-03  0.00000E+00  2.00000E+00  0.00000E+00
  529 3.49518546E+02 -8.58324E-03 -2.86108E-03  0.00000E+00  2.00000E+00  0.00000E+00
  530 3.51674707E+02 -8.53061E-03 -2.84354E-03  0.00000E+00  2.00000E+00  0.00000E+00
  531 3.53837942E+02 -8.47846E-03 -2.82615E-03  0.00000E+00  2.00000E+00  0.00000E+00
  532 3.56008254E+02 -8.42677E-03 -2.80892E-03  0.00000E+00  2.00000E+00  0.00000E+00
  533 3.58185644E+02 -8.37555E-03 -2.79185E-03  0.00000E+00  2.00000E+00  0.00000E+00
  534 3.60370114E+02 -8.32477E-03 -2.77492E-03  0.00000E+00  2.00000E+00  0.00000E+00
  535 3.62561665E+02 -8.27445E-03 -2.75815E-03  0.00000E+00  2.00000E+00  0.00000E+00
  536 3.64760298E+02 -8.22458E-03 -2.74153E-03  0.00000E+00  2.00000E+00  0.00000E+00
  537 3.66966016E+02 -8.17514E-03 -2.72505E-03  0.00000E+00  2.00000E+00  0.00000E+00
  538 3.69178820E+02 -8.12614E-03 -2.70871E-03  0.00000E+00  2.00000E+00  0.00000E+00
  539 3.71398711E+02 -8.07757E-03 -2.69252E-03  0.00000E+00  2.00000E+00  0.00000E+00
  540 3.73625692E+02 -8.02943E-03 -2.67648E-03  0.00000E+00  2.00000E+00  0.00000E+00
  541 3.75859763E+02 -7.98170E-03 -2.66057E-03  0.00000E+00  2.00000E+00  0.00000E+00
  542 3.78100926E+02 -7.93439E-03 -2.64480E-03  0.00000E+00  2.00000E+00  0.00000E+00
  543 3.80349183E+02 -7.88749E-03 -2.62916E-03  0.00000E+00  2.00000E+00  0.00000E+00
  544 3.82604535E+02 -7.84099E-03 -2.61366E-03  0.00000E+00  2.00000E+00  0.00000E+00
  545 3.84866984E+02 -7.79490E-03 -2.59830E-03  0.00000E+00  2.00000E+00  0.00000E+00
  546 3.87136531E+02 -7.74920E-03 -2.58307E-03  0.00000E+00  2.00000E+00  0.00000E+00
  547 3.89413178E+02 -7.70390E-03 -2.56797E-03  0.00000E+00  2.00000E+00  0.00000E+00
  548 3.91696926E+02 -7.65898E-03 -2.55299E-03  0.00000E+00  2.00000E+00  0.00000E+00
  549 3.93987777E+02 -7.61445E-03 -2.53815E-03  0.00000E+00  2.00000E+00  0.00000E+00
  550 3.96285732E+02 -7.57030E-03 -2.52343E-03  0.00000E+00  2.00000E+00  0.00000E+00
  551 3.98590792E+02 -7.52652E-03 -2.50884E-03  0.00000E+00  2.00000E+00  0.00000E+00
  552 4.00902960E+02 -7.48311E-03 -2.49437E-03  0.00000E+00  2.00000E+00  0.00000E+00
  553 4.03222236E+02 -7.44007E-03 -2.48002E-03  0.00000E+00  2.00000E+00  0.00000E+00
  554 4.05548622E+02 -7.39739E-03 -2.46580E-03  0.00000E+00  2.00000E+00  0.00000E+00
  555 4.07882120E+02 -7.35507E-03 -2.45169E-03  0.00000E+00  2.00000E+00  0.00000E+00
  556 4.10222730E+02 -7.31310E-03 -2.43770E-03  0.00000E+00  2.00000E+00  0.00000E+00
  557 4.12570455E+02 -7.27149E-03 -2.42383E-03  0.00000E+00  2.00000E+00  0.00000E+00
  558 4.14925295E+02 -7.23022E-03 -2.41007E-03  0.00000E+00  2.00000E+00  0.00000E+00
  559 4.17287252E+02 -7.18929E-03 -2.39643E-03  0.00000E+00  2.00000E+00  0.00000E+00
  560 4.19656328E+02 -7.14871E-03 -2.38290E-03  0.00000E+00  2.00000E+00  0.00000E+00
  561 4.22032523E+02 -7.10846E-03 -2.36949E-03  0.00000E+00  2.00000E+00  0.00000E+00
  562 4.24415840E+02 -7.06854E-03 -2.35618E-03  0.00000E+00  2.00000E+00  0.00000E+00
  563 4.26806279E+02 -7.02895E-03 -2.34298E-03  0.00000E+00  2.00000E+00  0.00000E+00
  564 4.29203842E+02 -6.98969E-03 -2.32990E-03  0.00000E+00  2.00000E+00  0.00000E+00
  565 4.31608531E+02 -6.95074E-03 -2.31691E-03  0.00000E+00  2.00000E+00  0.00000E+00
  566 4.34020346E+02 -6.91212E-03 -2.30404E-03  0.00000E+00  2.00000E+00  0.00000E+00
  567 4.36439289E+02 -6.87381E-03 -2.29127E-03  0.00000E+00  2.00000E+00  0.00000E+00
  568 4.38865361E+02 -6.83581E-03 -2.27860E-03  0.00000E+00  2.00000E+00  0.00000E+00
  569 4.41298565E+02 -6.79812E-03 -2.26604E-03  0.00000E+00  2.00000E+00  0.00000E+00
  570 4.43738900E+02 -6.76073E-03 -2.25358E-03  0.00000E+00  2.00000E+00  0.00000E+00
  571 4.46186368E+02 -6.72365E-03 -2.24122E-03  0.00000E+00  2.00000E+00  0.00000E+00
  572 4.48640971E+02 -6.68686E-03 -2.22895E-03  0.00000E+00  2.00000E+00  0.00000E+00
  573 4.51102710E+02 -6.65037E-03 -2.21679E-03  0.00000E+00  2.00000E+00  0.00000E+00
  574 4.53571586E+02 -6.61417E-03 -2.20472E-03  0.00000E+00  2.00000E+00  0.00000E+00
  575 4.56047600E+02 -6.57826E-03 -2.19275E-03  0.00000E+00  2.00000E+00  0.00000E+00
  576 4.58530754E+02 -6.54264E-03 -2.18088E-03  0.00000E+00  2.00000E+00  0.00000E+00
  577 4.61021050E+02 -6.50730E-03 -2.16910E-03  0.00000E+00  2.00000E+00  0.00000E+00
  578 4.63518487E+02 -6.47223E-03 -2.15741E-03  0.00000E+00  2.00000E+00  0.00000E+00
  579 4.66023068E+02 -6.43745E-03 -2.14582E-03  0.00000E+00  2.00000E+00  0.00000E+00
  580 4.68534794E+02 -6.40294E-03 -2.13431E-03  0.00000E+00  2.00000E+00  0.00000E+00
  581 4.71053666E+02 -6.36870E-03 -2.12290E-03  0.00000E+00  2.00000E+00  0.00000E+00
  582 4.73579685E+02 -6.33473E-03 -2.11158E-03  0.00000E+00  2.00000E+00  0.00000E+00
  583 4.76112853E+02 -6.30103E-03 -2.10034E-03  0.00000E+00  2.00000E+00  0.00000E+00
  584 4.78653170E+02 -6.26759E-03 -2.08920E-03  0.00000E+00  2.00000E+00  0.00000E+00
  585 4.81200639E+02 -6.23441E-03 -2.07814E-03  0.00000E+00  2.00000E+00  0.00000E+00
  586 4.83755260E+02 -6.20148E-03 -2.06716E-03  0.00000E+00  2.00000E+00  0.00000E+00
  587 4.86317034E+02 -6.16882E-03 -2.05627E-03  0.00000E+00  2.00000E+00  0.00000E+00
  588 4.88885962E+02 -6.13640E-03 -2.04547E-03  0.00000E+00  2.00000E+00  0.00000E+00
  589 4.91462047E+02 -6.10424E-03 -2.03475E-03  0.00000E+00  2.00000E+00  0.00000E+00
  590 4.94045288E+02 -6.07232E-03 -2.02411E-03  0.00000E+00  2.00000E+00  0.00000E+00
  591 4.96635688E+02 -6.04065E-03 -2.01355E-03  0.00000E+00  2.00000E+00  0.00000E+00
  592 4.99233247E+02 -6.00922E-03 -2.00307E-03  0.00000E+00  2.00000E+00  0.00000E+00
  593 5.01837967E+02 -5.97803E-03 -1.99268E-03  0.00000E+00  2.00000E+00  0.00000E+00
  594 5.04449848E+02 -5.94707E-03 -1.98236E-03  0.00000E+00  2.00000E+00  0.00000E+00
  595 5.07068892E+02 -5.91636E-03 -1.97212E-03  0.00000E+00  2.00000E+00  0.00000E+00
  596 5.09695100E+02 -5.88587E-03 -1.96196E-03  0.00000E+00  2.00000E+00  0.00000E+00
  597 5.12328474E+02 -5.85562E-03 -1.95187E-03  0.00000E+00  2.00000E+00  0.00000E+00
  598 5.14969013E+02 -5.82559E-03 -1.94186E-03  0.00000E+00  2.00000E+00  0.00000E+00
  599 5.17616721E+02 -5.79579E-03 -1.93193E-03  0.00000E+00  2.00000E+00  0.00000E+00
  600 5.20271596E+02 -5.76622E-03 -1.92207E-03  0.00000E+00  2.00000E+00  0.00000E+00
  601 5.22933642E+02 -5.73687E-03 -1.91229E-03  0.00000E+00  2.00000E+00  0.00000E+00
  602 5.25602858E+02 -5.70773E-03 -1.90258E-03  0.00000E+00  2.00000E+00  0.00000E+00
  603 5.28279246E+02 -5.67881E-03 -1.89294E-03  0.00000E+00  2.00000E+00  0.00000E+00
  604 5.30962808E+02 -5.65011E-03 -1.88337E-03  0.00000E+00  2.00000E+00  0.00000E+00
  605 5.33653543E+02 -5.62162E-03 -1.87387E-03  0.00000E+00  2.00000E+00  0.00000E+00
  606 5.36351454E+02 -5.59335E-03 -1.86445E-03  0.00000E+00  2.00000E+00  0.00000E+00
  607 5.39056541E+02 -5.56528E-03 -1.85509E-03  0.00000E+00  2.00000E+00  0.00000E+00
  608 5.41768806E+02 -5.53742E-03 -1.84581E-03  0.00000E+00  2.00000E+00  0.00000E+00
  609 5.44488249E+02 -5.50976E-03 -1.83659E-03  0.00000E+00  2.00000E+00  0.00000E+00
  610 5.47214872E+02 -5.48231E-03 -1.82744E-03  0.00000E+00  2.00000E+00  0.00000E+00
  611 5.49948676E+02 -5.45505E-03 -1.81835E-03  0.00000E+00  2.00000E+00  0.00000E+00
  612 5.52689661E+02 -5.42800E-03 -1.80933E-03  0.00000E+00  2.00000E+00  0.00000E+00
  613 5.55437829E+02 -5.40114E-03 -1.80038E-03  0.00000E+00  2.00000E+00  0.00000E+00
  614 5.58193182E+02 -5.37448E-03 -1.79149E-03  0.00000E+00  2.00000E+00  0.00000E+00
  615 5.60955719E+02 -5.34802E-03 -1.78267E-03  0.00000E+00  2.00000E+00  0.00000E+00
  616 5.63725442E+02 -5.32174E-03 -1.77391E-03  0.00000E+00  2.00000E+00  0.00000E+00
  617 5.66502352E+02 -5.29565E-03 -1.76522E-03  0.00000E+00  2.00000E+00  0.00000E+00
  618 5.69286450E+02 -5.26975E-03 -1.75658E-03  0.00000E+00  2.00000E+00  0.00000E+00
  619 5.72077738E+02 -5.24404E-03 -1.74801E-03  0.00000E+00  2.00000E+00  0.00000E+00
  620 5.74876215E+02 -5.21851E-03 -1.73950E-03  0.00000E+00  2.00000E+00  0.00000E+00
  621 5.77681884E+02 -5.19317E-03 -1.73106E-03  0.00000E+00  2.00000E+00  0.00000E+00
  622 5.80494745E+02 -5.16801E-03 -1.72267E-03  0.00000E+00  2.00000E+00  0.00000E+00
  623 5.83314799E+02 -5.14302E-03 -1.71434E-03  0.00000E+00  2.00000E+00  0.00000E+00
  624 5.86142048E+02 -5.11821E-03 -1.70607E-03  0.00000E+00  2.00000E+00  0.00000E+00
  625 5.88976492E+02 -5.09358E-03 -1.69786E-03  0.00000E+00  2.00000E+00  0.00000E+00
  626 5.91818132E+02 -5.06912E-03 -1.68971E-03  0.00000E+00  2.00000E+00  0.00000E+00
  627 5.94666969E+02 -5.04484E-03 -1.68161E-03  0.00000E+00  2.00000E+00  0.00000E+00
  628 5.97523004E+02 -5.02073E-03 -1.67358E-03  0.00000E+00  2.00000E+00  0.00000E+00
  629 6.00386239E+02 -4.99678E-03 -1.66559E-03  0.00000E+00  2.00000E+00  0.00000E+00
  630 6.03256674E+02 -4.97301E-03 -1.65767E-03  0.00000E+00  2.00000E+00  0.00000E+00
  631 6.06134310E+02 -4.94940E-03 -1.64980E-03  0.00000E+00  2.00000E+00  0.00000E+00
  632 6.09019148E+02 -4.92595E-03 -1.64198E-03  0.00000E+00  2.00000E+00  0.00000E+00
  633 6.11911190E+02 -4.90267E-03 -1.63422E-03  0.00000E+00  2.00000E+00  0.00000E+00
  634 6.14810435E+02 -4.87955E-03 -1.62652E-03  0.00000E+00  2.00000E+00  0.00000E+00
  635 6.17716886E+02 -4.85659E-03 -1.61886E-03  0.00000E+00  2.00000E+00  0.00000E+00
  636 6.20630543E+02 -4.83379E-03 -1.61126E-03  0.00000E+00  2.00000E+00  0.00000E+00
  637 6.23551406E+02 -4.81115E-03 -1.60372E-03  0.00000E+00  2.00000E+00  0.00000E+00
  638 6.26479478E+02 -4.78866E-03 -1.59622E-03  0.00000E+00  2.00000E+00  0.00000E+00
  639 6.29414758E+02 -4.76633E-03 -1.58878E-03  0.00000E+00  2.00000E+00  0.00000E+00
  640 6.32357248E+02 -4.74415E-03 -1.58138E-03  0.00000E+00  2.00000E+00  0.00000E+00
  641 6.35306949E+02 -4.72213E-03 -1.57404E-03  0.00000E+00  2.00000E+00  0.00000E+00
  642 6.38263862E+02 -4.70025E-03 -1.56675E-03  0.00000E+00  2.00000E+00  0.00000E+00
  643 6.41227987E+02 -4.67852E-03 -1.55951E-03  0.00000E+00  2.00000E+00  0.00000E+00
  644 6.44199326E+02 -4.65694E-03 -1.55231E-03  0.00000E+00  2.00000E+00  0.00000E+00
  645 6.47177879E+02 -4.63551E-03 -1.54517E-03  0.00000E+00  2.00000E+00  0.00000E+00
  646 6.50163647E+02 -4.61422E-03 -1.53807E-03  0.00000E+00  2.00000E+00  0.00000E+00
  647 6.53156632E+02 -4.59308E-03 -1.53103E-03  0.00000E+00  2.00000E+00  0.00000E+00
  648 6.56156834E+02 -4.57208E-03 -1.52403E-03  0.00000E+00  2.00000E+00  0.00000E+00
  649 6.59164254E+02 -4.55122E-03 -1.51707E-03  0.00000E+00  2.00000E+00  0.00000E+00
  650 6.62178893E+02 -4.53050E-03 -1.51017E-03  0.00000E+00  2.00000E+00  0.00000E+00
  651 6.65200752E+02 -4.50992E-03 -1.50331E-03  0.00000E+00  2.00000E+00  0.00000E+00
  652 6.68229832E+02 -4.48947E-03 -1.49649E-03  0.00000E+00  2.00000E+00  0.00000E+00
  653 6.71266133E+02 -4.46917E-03 -1.48972E-03  0.00000E+00  2.00000E+00  0.00000E+00
  654 6.74309657E+02 -4.44899E-03 -1.48300E-03  0.00000E+00  2.00000E+00  0.00000E+00
  655 6.77360404E+02 -4.42896E-03 -1.47632E-03  0.00000E+00  2.00000E+00  0.00000E+00
  656 6.80418376E+02 -4.40905E-03 -1.46968E-03  0.00000E+00  2.00000E+00  0.00000E+00
  657 6.83483573E+02 -4.38928E-03 -1.46309E-03  0.00000E+00  2.00000E+00  0.00000E+00
  658 6.86555996E+02 -4.36964E-03 -1.45655E-03  0.00000E+00  2.00000E+00  0.00000E+00
  659 6.89635645E+02 -4.35012E-03 -1.45004E-03  0.00000E+00  2.00000E+00  0.00000E+00
  660 6.92722523E+02 -4.33074E-03 -1.44358E-03  0.00000E+00  2.00000E+00  0.00000E+00
  661 6.95816629E+02 -4.31148E-03 -1.43716E-03  0.00000E+00  2.00000E+00  0.00000E+00
  662 6.98917965E+02 -4.29235E-03 -1.43078E-03  0.00000E+00  2.00000E+00  0.00000E+00
  663 7.02026531E+02 -4.27334E-03 -1.42445E-03  0.00000E+00  2.00000E+00  0.00000E+00
  664 7.05142328E+02 -4.25446E-03 -1.41815E-03  0.00000E+00  2.00000E+00  0.00000E+00
  665 7.08265357E+02 -4.23570E-03 -1.41190E-03  0.00000E+00  2.00000E+00  0.00000E+00
  666 7.11395619E+02 -4.21706E-03 -1.40569E-03  0.00000E+00  2.00000E+00  0.00000E+00
  667 7.14533114E+02 -4.19855E-03 -1.39952E-03  0.00000E+00  2.00000E+00  0.00000E+00
  668 7.17677844E+02 -4.18015E-03 -1.39338E-03  0.00000E+00  2.00000E+00  0.00000E+00
  669 7.20829810E+02 -4.16187E-03 -1.38729E-03  0.00000E+00  2.00000E+00  0.00000E+00
  670 7.23989011E+02 -4.14371E-03 -1.38124E-03  0.00000E+00  2.00000E+00  0.00000E+00
  671 7.27155450E+02 -4.12567E-03 -1.37522E-03  0.00000E+00  2.00000E+00  0.00000E+00
  672 7.30329127E+02 -4.10774E-03 -1.36925E-03  0.00000E+00  2.00000E+00  0.00000E+00
  673 7.33510042E+02 -4.08992E-03 -1.36331E-03  0.00000E+00  2.00000E+00  0.00000E+00
  674 7.36698196E+02 -4.07222E-03 -1.35741E-03  0.00000E+00  2.00000E+00  0.00000E+00
  675 7.39893591E+02 -4.05464E-03 -1.35155E-03  0.00000E+00  2.00000E+00  0.00000E+00
  676 7.43096227E+02 -4.03716E-03 -1.34572E-03  0.00000E+00  2.00000E+00  0.00000E+00
  677 7.46306104E+02 -4.01980E-03 -1.33993E-03  0.00000E+00  2.00000E+00  0.00000E+00
  678 7.49523225E+02 -4.00254E-03 -1.33418E-03  0.00000E+00  2.00000E+00  0.00000E+00
  679 7.52747589E+02 -3.98540E-03 -1.32847E-03  0.00000E+00  2.00000E+00  0.00000E+00
  680 7.55979196E+02 -3.96836E-03 -1.32279E-03  0.00000E+00  2.00000E+00  0.00000E+00
  681 7.59218049E+02 -3.95143E-03 -1.31714E-03  0.00000E+00  2.00000E+00  0.00000E+00
  682 7.62464148E+02 -3.93461E-03 -1.31154E-03  0.00000E+00  2.00000E+00  0.00000E+00
  683 7.65717494E+02 -3.91789E-03 -1.30596E-03  0.00000E+00  2.00000E+00  0.00000E+00
  684 7.68978086E+02 -3.90128E-03 -1.30043E-03  0.00000E+00  2.00000E+00  0.00000E+00
  685 7.72245927E+02 -3.88477E-03 -1.29492E-03  0.00000E+00  2.00000E+00  0.00000E+00
  686 7.75521017E+02 -3.86837E-03 -1.28946E-03  0.00000E+00  2.00000E+00  0.00000E+00
  687 7.78803357E+02 -3.85206E-03 -1.28402E-03  0.00000E+00  2.00000E+00  0.00000E+00
  688 7.82092947E+02 -3.83586E-03 -1.27862E-03  0.00000E+00  2.00000E+00  0.00000E+00
  689 7.85389788E+02 -3.81976E-03 -1.27325E-03  0.00000E+00  2.00000E+00  0.00000E+00
  690 7.88693881E+02 -3.80376E-03 -1.26792E-03  0.00000E+00  2.00000E+00  0.00000E+00
  691 7.92005227E+02 -3.78785E-03 -1.26262E-03  0.00000E+00  2.00000E+00  0.00000E+00
  692 7.95323826E+02 -3.77205E-03 -1.25735E-03  0.00000E+00  2.00000E+00  0.00000E+00
  693 7.98649680E+02 -3.75634E-03 -1.25211E-03  0.00000E+00  2.00000E+00  0.00000E+00
  694 8.01982788E+02 -3.74073E-03 -1.24691E-03  0.00000E+00  2.00000E+00  0.00000E+00
  695 8.05323152E+02 -3.72521E-03 -1.24174E-03  0.00000E+00  2.00000E+00  0.00000E+00
  696 8.08670773E+02 -3.70979E-03 -1.23660E-03  0.00000E+00  2.00000E+00  0.00000E+00
  697 8.12025651E+02 -3.69446E-03 -1.23149E-03  0.00000E+00  2.00000E+00  0.00000E+00
  698 8.15387787E+02 -3.67923E-03 -1.22641E-03  0.00000E+00  2.00000E+00  0.00000E+00
  699 8.18757181E+02 -3.66409E-03 -1.22136E-03  0.00000E+00  2.00000E+00  0.00000E+00
  700 8.22133835E+02 -3.64904E-03 -1.21635E-03  0.00000E+00  2.00000E+00  0.00000E+00
  701 8.25517749E+02 -3.63408E-03 -1.21136E-03  0.00000E+00  2.00000E+00  0.00000E+00
  702 8.28908924E+02 -3.61922E-03 -1.20641E-03  0.00000E+00  2.00000E+00  0.00000E+00
  703 8.32307361E+02 -3.60444E-03 -1.20148E-03  0.00000E+00  2.00000E+00  0.00000E+00
  704 8.35713059E+02 -3.58975E-03 -1.19658E-03  0.00000E+00  2.00000E+00  0.00000E+00
  705 8.39126021E+02 -3.57515E-03 -1.19172E-03  0.00000E+00  2.00000E+00  0.00000E+00
  706 8.42546247E+02 -3.56064E-03 -1.18688E-03  0.00000E+00  2.00000E+00  0.00000E+00
  707 8.45973736E+02 -3.54621E-03 -1.18207E-03  0.00000E+00  2.00000E+00  0.00000E+00
  708 8.49408491E+02 -3.53187E-03 -1.17729E-03  0.00000E+00  2.00000E+00  0.00000E+00
  709 8.52850512E+02 -3.51762E-03 -1.17254E-03  0.00000E+00  2.00000E+00  0.00000E+00
  710 8.56299799E+02 -3.50345E-03 -1.16782E-03  0.00000E+00  2.00000E+00  0.00000E+00
  711 8.59756354E+02 -3.48936E-03 -1.16312E-03  0.00000E+00  2.00000E+00  0.00000E+00
  712 8.63220177E+02 -3.47536E-03 -1.15845E-03  0.00000E+00  2.00000E+00  0.00000E+00
  713 8.66691268E+02 -3.46144E-03 -1.15381E-03  0.00000E+00  2.00000E+00  0.00000E+00
  714 8.70169628E+02 -3.44760E-03 -1.14920E-03  0.00000E+00  2.00000E+00  0.00000E+00
  715 8.73655259E+02 -3.43385E-03 -1.14462E-03  0.00000E+00  2.00000E+00  0.00000E+00
  716 8.77148160E+02 -3.42017E-03 -1.14006E-03  0.00000E+00  2.00000E+00  0.00000E+00
  717 8.80648332E+02 -3.40658E-03 -1.13553E-03  0.00000E+00  2.00000E+00  0.00000E+00
  718 8.84155777E+02 -3.39307E-03 -1.13102E-03  0.00000E+00  2.00000E+00  0.00000E+00
  719 8.87670494E+02 -3.37963E-03 -1.12654E-03  0.00000E+00  2.00000E+00  0.00000E+00
  720 8.91192484E+02 -3.36628E-03 -1.12209E-03  0.00000E+00  2.00000E+00  0.00000E+00
  721 8.94721749E+02 -3.35300E-03 -1.11767E-03  0.00000E+00  2.00000E+00  0.00000E+00
  722 8.98258289E+02 -3.33980E-03 -1.11327E-03  0.00000E+00  2.00000E+00  0.00000E+00
  723 9.01802103E+02 -3.32667E-03 -1.10889E-03  0.00000E+00  2.00000E+00  0.00000E+00
  724 9.05353194E+02 -3.31362E-03 -1.10454E-03  0.00000E+00  2.00000E+00  0.00000E+00
  725 9.08911562E+02 -3.30065E-03 -1.10022E-03  0.00000E+00  2.00000E+00  0.00000E+00
  726 9.12477207E+02 -3.28775E-03 -1.09592E-03  0.00000E+00  2.00000E+00  0.00000E+00
  727 9.16050130E+02 -3.27493E-03 -1.09164E-03  0.00000E+00  2.00000E+00  0.00000E+00
  728 9.19630332E+02 -3.26218E-03 -1.08739E-03  0.00000E+00  2.00000E+00  0.00000E+00
  729 9.23217813E+02 -3.24950E-03 -1.08317E-03  0.00000E+00  2.00000E+00  0.00000E+00
  730 9.26812574E+02 -3.23690E-03 -1.07897E-03  0.00000E+00  2.00000E+00  0.00000E+00
  731 9.30414616E+02 -3.22437E-03 -1.07479E-03  0.00000E+00  2.00000E+00  0.00000E+00
  732 9.34023939E+02 -3.21191E-03 -1.07064E-03  0.00000E+00  2.00000E+00  0.00000E+00
  733 9.37640544E+02 -3.19952E-03 -1.06651E-03  0.00000E+00  2.00000E+00  0.00000E+00
  734 9.41264432E+02 -3.18720E-03 -1.06240E-03  0.00000E+00  2.00000E+00  0.00000E+00
  735 9.44895602E+02 -3.17495E-03 -1.05832E-03  0.00000E+00  2.00000E+00  0.00000E+00
  736 9.48534057E+02 -3.16278E-03 -1.05426E-03  0.00000E+00  2.00000E+00  0.00000E+00
  737 9.52179796E+02 -3.15067E-03 -1.05022E-03  0.00000E+00  2.00000E+00  0.00000E+00
  738 9.55832820E+02 -3.13862E-03 -1.04621E-03  0.00000E+00  2.00000E+00  0.00000E+00
  739 9.59493130E+02 -3.12665E-03 -1.04222E-03  0.00000E+00  2.00000E+00  0.00000E+00
  740 9.63160727E+02 -3.11474E-03 -1.03825E-03  0.00000E+00  2.00000E+00  0.00000E+00
  741 9.66835610E+02 -3.10291E-03 -1.03430E-03  0.00000E+00  2.00000E+00  0.00000E+00
  742 9.70517781E+02 -3.09113E-03 -1.03038E-03  0.00000E+00  2.00000E+00  0.00000E+00
  743 9.74207240E+02 -3.07943E-03 -1.02648E-03  0.00000E+00  2.00000E+00  0.00000E+00
  744 9.77903988E+02 -3.06779E-03 -1.02260E-03  0.00000E+00  2.00000E+00  0.00000E+00
  745 9.81608025E+02 -3.05621E-03 -1.01874E-03  0.00000E+00  2.00000E+00  0.00000E+00
  746 9.85319353E+02 -3.04470E-03 -1.01490E-03  0.00000E+00  2.00000E+00  0.00000E+00
  747 9.89037971E+02 -3.03325E-03 -1.01108E-03  0.00000E+00  2.00000E+00  0.00000E+00
  748 9.92763880E+02 -3.02187E-03 -1.00729E-03  0.00000E+00  2.00000E+00  0.00000E+00
  749 9.96497082E+02 -3.01055E-03 -1.00352E-03  0.00000E+00  2.00000E+00  0.00000E+00
  750 1.00023758E+03 -2.99929E-03 -9.99762E-04  0.00000E+00  2.00000E+00  0.00000E+00
  751 1.00398536E+03 -2.98809E-03 -9.96030E-04  0.00000E+00  2.00000E+00  0.00000E+00
  752 1.00774044E+03 -2.97696E-03 -9.92319E-04  0.00000E+00  2.00000E+00  0.00000E+00
  753 1.01150282E+03 -2.96588E-03 -9.88628E-04  0.00000E+00  2.00000E+00  0.00000E+00
  754 1.01527249E+03 -2.95487E-03 -9.84957E-04  0.00000E+00  2.00000E+00  0.00000E+00
  755 1.01904945E+03 -2.94392E-03 -9.81307E-04  0.00000E+00  2.00000E+00  0.00000E+00
  756 1.02283371E+03 -2.93303E-03 -9.77676E-04  0.00000E+00  2.00000E+00  0.00000E+00
  757 1.02662527E+03 -2.92220E-03 -9.74065E-04  0.00000E+00  2.00000E+00  0.00000E+00
  758 1.03042413E+03 -2.91142E-03 -9.70474E-04  0.00000E+00  2.00000E+00  0.00000E+00
  759 1.03423028E+03 -2.90071E-03 -9.66903E-04  0.00000E+00  2.00000E+00  0.00000E+00
  760 1.03804373E+03 -2.89005E-03 -9.63351E-04  0.00000E+00  2.00000E+00  0.00000E+00
  761 1.04186448E+03 -2.87945E-03 -9.59818E-04  0.00000E+00  2.00000E+00  0.00000E+00
  762 1.04569253E+03 -2.86891E-03 -9.56304E-04  0.00000E+00  2.00000E+00  0.00000E+00
  763 1.04952788E+03 -2.85843E-03 -9.52809E-04  0.00000E+00  2.00000E+00  0.00000E+00
  764 1.05337053E+03 -2.84800E-03 -9.49334E-04  0.00000E+00  2.00000E+00  0.00000E+00
  765 1.05722048E+03 -2.83763E-03 -9.45876E-04  0.00000E+00  2.00000E+00  0.00000E+00
  766 1.06107774E+03 -2.82731E-03 -9.42438E-04  0.00000E+00  2.00000E+00  0.00000E+00
  767 1.06494229E+03 -2.81705E-03 -9.39018E-04  0.00000E+00  2.00000E+00  0.00000E+00
  768 1.06881415E+03 -2.80685E-03 -9.35616E-04  0.00000E+00  2.00000E+00  0.00000E+00
  769 1.07269332E+03 -2.79670E-03 -9.32233E-04  0.00000E+00  2.00000E+00  0.00000E+00
  770 1.07657978E+03 -2.78660E-03 -9.28868E-04  0.00000E+00  2.00000E+00  0.00000E+00
  771 1.08047356E+03 -2.77656E-03 -9.25520E-04  0.00000E+00  2.00000E+00  0.00000E+00
  772 1.08437463E+03 -2.76657E-03 -9.22191E-04  0.00000E+00  2.00000E+00  0.00000E+00
  773 1.08828301E+03 -2.75664E-03 -9.18879E-04  0.00000E+00  2.00000E+00  0.00000E+00
  774 1.09219870E+03 -2.74675E-03 -9.15584E-04  0.00000E+00  2.00000E+00  0.00000E+00
  775 1.09612170E+03 -2.73692E-03 -9.12307E-04  0.00000E+00  2.00000E+00  0.00000E+00
  776 1.10005200E+03 -2.72714E-03 -9.09048E-04  0.00000E+00  2.00000E+00  0.00000E+00
  777 1.10398961E+03 -2.71742E-03 -9.05806E-04  0.00000E+00  2.00000E+00  0.00000E+00
  778 1.10793453E+03 -2.70774E-03 -9.02580E-04  0.00000E+00  2.00000E+00  0.00000E+00
  779 1.11188676E+03 -2.69812E-03 -8.99372E-04  0.00000E+00  2.00000E+00  0.00000E+00
  780 1.11584630E+03 -2.68854E-03 -8.96181E-04  0.00000E+00  2.00000E+00  0.00000E+00
  781 1.11981315E+03 -2.67902E-03 -8.93006E-04  0.00000E+00  2.00000E+00  0.00000E+00
  782 1.12378731E+03 -2.66954E-03 -8.89848E-04  0.00000E+00  2.00000E+00  0.00000E+00
  783 1.12776878E+03 -2.66012E-03 -8.86707E-04  0.00000E+00  2.00000E+00  0.00000E+00
  784 1.13175756E+03 -2.65074E-03 -8.83581E-04  0.00000E+00  2.00000E+00  0.00000E+00
  785 1.13575366E+03 -2.64142E-03 -8.80473E-04  0.00000E+00  2.00000E+00  0.00000E+00
  786 1.13975706E+03 -2.63214E-03 -8.77380E-04  0.00000E+00  2.00000E+00  0.00000E+00
  787 1.14376778E+03 -2.62291E-03 -8.74303E-04  0.00000E+00  2.00000E+00  0.00000E+00
  788 1.14778582E+03 -2.61373E-03 -8.71243E-04  0.00000E+00  2.00000E+00  0.00000E+00
  789 1.15181117E+03 -2.60459E-03 -8.68198E-04  0.00000E+00  2.00000E+00  0.00000E+00
  790 1.15584383E+03 -2.59551E-03 -8.65169E-04  0.00000E+00  2.00000E+00  0.00000E+00
  791 1.15988381E+03 -2.58647E-03 -8.62155E-04  0.00000E+00  2.00000E+00  0.00000E+00
  792 1.16393111E+03 -2.57747E-03 -8.59157E-04  0.00000E+00  2.00000E+00  0.00000E+00
  793 1.16798572E+03 -2.56852E-03 -8.56175E-04  0.00000E+00  2.00000E+00  0.00000E+00
  794 1.17204765E+03 -2.55962E-03 -8.53208E-04  0.00000E+00  2.00000E+00  0.00000E+00
  795 1.17611689E+03 -2.55077E-03 -8.50256E-04  0.00000E+00  2.00000E+00  0.00000E+00
  796 1.18019346E+03 -2.54196E-03 -8.47319E-04  0.00000E+00  2.00000E+00  0.00000E+00
  797 1.18427734E+03 -2.53319E-03 -8.44397E-04  0.00000E+00  2.00000E+00  0.00000E+00
  798 1.18836854E+03 -2.52447E-03 -8.41490E-04  0.00000E+00  2.00000E+00  0.00000E+00
  799 1.19246706E+03 -2.51579E-03 -8.38598E-04  0.00000E+00  2.00000E+00  0.00000E+00
  800 1.19657290E+03 -2.50716E-03 -8.35720E-04  0.00000E+00  2.00000E+00  0.00000E+00
  801 1.20068607E+03 -2.49857E-03 -8.32857E-04  0.00000E+00  2.00000E+00  0.00000E+00
  802 1.20480655E+03 -2.49003E-03 -8.30009E-04  0.00000E+00  2.00000E+00  0.00000E+00
  803 1.20893435E+03 -2.48152E-03 -8.27175E-04  0.00000E+00  2.00000E+00  0.00000E+00
  804 1.21306948E+03 -2.47307E-03 -8.24355E-04  0.00000E+00  2.00000E+00  0.00000E+00
  805 1.21721193E+03 -2.46465E-03 -8.21550E-04  0.00000E+00  2.00000E+00  0.00000E+00
  806 1.22136170E+03 -2.45627E-03 -8.18758E-04  0.00000E+00  2.00000E+00  0.00000E+00
  807 1.22551880E+03 -2.44794E-03 -8.15981E-04  0.00000E+00  2.00000E+00  0.00000E+00
  808 1.22968322E+03 -2.43965E-03 -8.13218E-04  0.00000E+00  2.00000E+00  0.00000E+00
  809 1.23385496E+03 -2.43140E-03 -8.10468E-04  0.00000E+00  2.00000E+00  0.00000E+00
  810 1.23803403E+03 -2.42320E-03 -8.07732E-04  0.00000E+00  2.00000E+00  0.00000E+00
  811 1.24222043E+03 -2.41503E-03 -8.05010E-04  0.00000E+00  2.00000E+00  0.00000E+00
  812 1.24641415E+03 -2.40690E-03 -8.02302E-04  0.00000E+00  2.00000E+00  0.00000E+00
  813 1.25061520E+03 -2.39882E-03 -7.99606E-04  0.00000E+00  2.00000E+00  0.00000E+00
  814 1.25482357E+03 -2.39077E-03 -7.96925E-04  0.00000E+00  2.00000E+00  0.00000E+00
  815 1.25903927E+03 -2.38277E-03 -7.94256E-04  0.00000E+00  2.00000E+00  0.00000E+00
  816 1.26326230E+03 -2.37480E-03 -7.91601E-04  0.00000E+00  2.00000E+00  0.00000E+00
  817 1.26749266E+03 -2.36688E-03 -7.88959E-04  0.00000E+00  2.00000E+00  0.00000E+00
  818 1.27173035E+03 -2.35899E-03 -7.86330E-04  0.00000E+00  2.00000E+00  0.00000E+00
  819 1.27597537E+03 -2.35114E-03 -7.83714E-04  0.00000E+00  2.00000E+00  0.00000E+00
  820 1.28022771E+03 -2.34333E-03 -7.81111E-04  0.00000E+00  2.00000E+00  0.00000E+00
  821 1.28448739E+03 -2.33556E-03 -7.78521E-04  0.00000E+00  2.00000E+00  0.00000E+00
  822 1.28875440E+03 -2.32783E-03 -7.75943E-04  0.00000E+00  2.00000E+00  0.00000E+00
  823 1.29302874E+03 -2.32013E-03 -7.73378E-04  0.00000E+00  2.00000E+00  0.00000E+00
  824 1.29731041E+03 -2.31248E-03 -7.70826E-04  0.00000E+00  2.00000E+00  0.00000E+00
  825 1.30159941E+03 -2.30486E-03 -7.68286E-04  0.00000E+00  2.00000E+00  0.00000E+00
  826 1.30589575E+03 -2.29727E-03 -7.65758E-04  0.00000E+00  2.00000E+00  0.00000E+00
  827 1.31019941E+03 -2.28973E-03 -7.63243E-04  0.00000E+00  2.00000E+00  0.00000E+00
  828 1.31451042E+03 -2.28222E-03 -7.60740E-04  0.00000E+00  2.00000E+00  0.00000E+00
  829 1.31882875E+03 -2.27475E-03 -7.58249E-04  0.00000E+00  2.00000E+00  0.00000E+00
  830 1.32315442E+03 -2.26731E-03 -7.55770E-04  0.00000E+00  2.00000E+00  0.00000E+00
  831 1.32748743E+03 -2.25991E-03 -7.53303E-04  0.00000E+00  2.00000E+00  0.00000E+00
  832 1.33182777E+03 -2.25254E-03 -7.50848E-04  0.00000E+00  2.00000E+00  0.00000E+00
  833 1.33617545E+03 -2.24521E-03 -7.48405E-04  0.00000E+00  2.00000E+00  0.00000E+00
  834 1.34053046E+03 -2.23792E-03 -7.45973E-04  0.00000E+00  2.00000E+00  0.00000E+00
  835 1.34489281E+03 -2.23066E-03 -7.43554E-04  0.00000E+00  2.00000E+00  0.00000E+00
  836 1.34926250E+03 -2.22344E-03 -7.41146E-04  0.00000E+00  2.00000E+00  0.00000E+00
  837 1.35363952E+03 -2.21625E-03 -7.38749E-04  0.00000E+00  2.00000E+00  0.00000E+00
  838 1.35802389E+03 -2.20909E-03 -7.36364E-04  0.00000E+00  2.00000E+00  0.00000E+00
  839 1.36241559E+03 -2.20197E-03 -7.33990E-04  0.00000E+00  2.00000E+00  0.00000E+00
  840 1.36681463E+03 -2.19488E-03 -7.31628E-04  0.00000E+00  2.00000E+00  0.00000E+00
  841 1.37122101E+03 -2.18783E-03 -7.29277E-04  0.00000E+00  2.00000E+00  0.00000E+00
  842 1.37563473E+03 -2.18081E-03 -7.26937E-04  0.00000E+00  2.00000E+00  0.00000E+00
  843 1.38005579E+03 -2.17383E-03 -7.24608E-04  0.00000E+00  2.00000E+00  0.00000E+00
  844 1.38448419E+03 -2.16687E-03 -7.22291E-04  0.00000E+00  2.00000E+00  0.00000E+00
  845 1.38891993E+03 -2.15995E-03 -7.19984E-04  0.00000E+00  2.00000E+00  0.00000E+00
  846 1.39336302E+03 -2.15306E-03 -7.17688E-04  0.00000E+00  2.00000E+00  0.00000E+00
  847 1.39781344E+03 -2.14621E-03 -7.15403E-04  0.00000E+00  2.00000E+00  0.00000E+00
  848 1.40227121E+03 -2.13939E-03 -7.13129E-04  0.00000E+00  2.00000E+00  0.00000E+00
  849 1.40673632E+03 -2.13260E-03 -7.10865E-04  0.00000E+00  2.00000E+00  0.00000E+00
  850 1.41120878E+03 -2.12584E-03 -7.08612E-04  0.00000E+00  2.00000E+00  0.00000E+00
  851 1.41568858E+03 -2.11911E-03 -7.06370E-04  0.00000E+00  2.00000E+00  0.00000E+00
  852 1.42017572E+03 -2.11241E-03 -7.04138E-04  0.00000E+00  2.00000E+00  0.00000E+00
  853 1.42467021E+03 -2.10575E-03 -7.01917E-04  0.00000E+00  2.00000E+00  0.00000E+00
  854 1.42917204E+03 -2.09912E-03 -6.99706E-04  0.00000E+00  2.00000E+00  0.00000E+00
  855 1.43368122E+03 -2.09252E-03 -6.97505E-04  0.00000E+00  2.00000E+00  0.00000E+00
  856 1.43819774E+03 -2.08594E-03 -6.95315E-04  0.00000E+00  2.00000E+00  0.00000E+00
  857 1.44272161E+03 -2.07940E-03 -6.93134E-04  0.00000E+00  2.00000E+00  0.00000E+00
  858 1.44725283E+03 -2.07289E-03 -6.90964E-04  0.00000E+00  2.00000E+00  0.00000E+00
  859 1.45179139E+03 -2.06641E-03 -6.88804E-04  0.00000E+00  2.00000E+00  0.00000E+00
  860 1.45633731E+03 -2.05996E-03 -6.86654E-04  0.00000E+00  2.00000E+00  0.00000E+00
  861 1.46089057E+03 -2.05354E-03 -6.84514E-04  0.00000E+00  2.00000E+00  0.00000E+00
  862 1.46545118E+03 -2.04715E-03 -6.82384E-04  0.00000E+00  2.00000E+00  0.00000E+00
  863 1.47001913E+03 -2.04079E-03 -6.80263E-04  0.00000E+00  2.00000E+00  0.00000E+00
  864 1.47459444E+03 -2.03446E-03 -6.78153E-04  0.00000E+00  2.00000E+00  0.00000E+00
  865 1.47917710E+03 -2.02815E-03 -6.76052E-04  0.00000E+00  2.00000E+00  0.00000E+00
  866 1.48376710E+03 -2.02188E-03 -6.73960E-04  0.00000E+00  2.00000E+00  0.00000E+00
  867 1.48836446E+03 -2.01564E-03 -6.71878E-04  0.00000E+00  2.00000E+00  0.00000E+00
  868 1.49296917E+03 -2.00942E-03 -6.69806E-04  0.00000E+00  2.00000E+00  0.00000E+00
  869 1.49758123E+03 -2.00323E-03 -6.67743E-04  0.00000E+00  2.00000E+00  0.00000E+00
  870 1.50220064E+03 -1.99707E-03 -6.65690E-04  0.00000E+00  2.00000E+00  0.00000E+00
  871 1.50682740E+03 -1.99094E-03 -6.63646E-04  0.00000E+00  2.00000E+00  0.00000E+00
  872 1.51146152E+03 -1.98483E-03 -6.61611E-04  0.00000E+00  2.00000E+00  0.00000E+00
  873 1.51610298E+03 -1.97876E-03 -6.59586E-04  0.00000E+00  2.00000E+00  0.00000E+00
  874 1.52075181E+03 -1.97271E-03 -6.57569E-04  0.00000E+00  2.00000E+00  0.00000E+00
  875 1.52540798E+03 -1.96669E-03 -6.55562E-04  0.00000E+00  2.00000E+00  0.00000E+00
  876 1.53007151E+03 -1.96069E-03 -6.53564E-04  0.00000E+00  2.00000E+00  0.00000E+00
  877 1.53474240E+03 -1.95473E-03 -6.51575E-04  0.00000E+00  2.00000E+00  0.00000E+00
  878 1.53942064E+03 -1.94879E-03 -6.49595E-04  0.00000E+00  2.00000E+00  0.00000E+00
  879 1.54410623E+03 -1.94287E-03 -6.47624E-04  0.00000E+00  2.00000E+00  0.00000E+00
  880 1.54879918E+03 -1.93698E-03 -6.45661E-04  0.00000E+00  2.00000E+00  0.00000E+00
  881 1.55349949E+03 -1.93112E-03 -6.43708E-04  0.00000E+00  2.00000E+00  0.00000E+00
  882 1.55820715E+03 -1.92529E-03 -6.41763E-04  0.00000E+00  2.00000E+00  0.00000E+00
  883 1.56292217E+03 -1.91948E-03 -6.39827E-04  0.00000E+00  2.00000E+00  0.00000E+00
  884 1.56764455E+03 -1.91370E-03 -6.37900E-04  0.00000E+00  2.00000E+00  0.00000E+00
  885 1.57237428E+03 -1.90794E-03 -6.35981E-04  0.00000E+00  2.00000E+00  0.00000E+00
  886 1.57711137E+03 -1.90221E-03 -6.34071E-04  0.00000E+00  2.00000E+00  0.00000E+00
  887 1.58185582E+03 -1.89651E-03 -6.32169E-04  0.00000E+00  2.00000E+00  0.00000E+00
  888 1.58660763E+03 -1.89083E-03 -6.30276E-04  0.00000E+00  2.00000E+00  0.00000E+00
  889 1.59136680E+03 -1.88517E-03 -6.28391E-04  0.00000E+00  2.00000E+00  0.00000E+00
  890 1.59613333E+03 -1.87954E-03 -6.26514E-04  0.00000E+00  2.00000E+00  0.00000E+00
  891 1.60090722E+03 -1.87394E-03 -6.24646E-04  0.00000E+00  2.00000E+00  0.00000E+00
  892 1.60568847E+03 -1.86836E-03 -6.22786E-04  0.00000E+00  2.00000E+00  0.00000E+00
  893 1.61047708E+03 -1.86280E-03 -6.20934E-04  0.00000E+00  2.00000E+00  0.00000E+00
  894 1.61527305E+03 -1.85727E-03 -6.19090E-04  0.00000E+00  2.00000E+00  0.00000E+00
  895 1.62007638E+03 -1.85176E-03 -6.17255E-04  0.00000E+00  2.00000E+00  0.00000E+00
  896 1.62488708E+03 -1.84628E-03 -6.15427E-04  0.00000E+00  2.00000E+00  0.00000E+00
  897 1.62970513E+03 -1.84082E-03 -6.13608E-04  0.00000E+00  2.00000E+00  0.00000E+00
  898 1.63453055E+03 -1.83539E-03 -6.11796E-04  0.00000E+00  2.00000E+00  0.00000E+00
  899 1.63936333E+03 -1.82998E-03 -6.09993E-04  0.00000E+00  2.00000E+00  0.00000E+00
  900 1.64420348E+03 -1.82459E-03 -6.08197E-04  0.00000E+00  2.00000E+00  0.00000E+00
  901 1.64905099E+03 -1.81923E-03 -6.06409E-04  0.00000E+00  2.00000E+00  0.00000E+00
  902 1.65390586E+03 -1.81389E-03 -6.04629E-04  0.00000E+00  2.00000E+00  0.00000E+00
  903 1.65876810E+03 -1.80857E-03 -6.02857E-04  0.00000E+00  2.00000E+00  0.00000E+00
  904 1.66363770E+03 -1.80328E-03 -6.01092E-04  0.00000E+00  2.00000E+00  0.00000E+00
  905 1.66851467E+03 -1.79801E-03 -5.99335E-04  0.00000E+00  2.00000E+00  0.00000E+00
  906 1.67339900E+03 -1.79276E-03 -5.97586E-04  0.00000E+00  2.00000E+00  0.00000E+00
  907 1.67829070E+03 -1.78753E-03 -5.95844E-04  0.00000E+00  2.00000E+00  0.00000E+00
  908 1.68318977E+03 -1.78233E-03 -5.94110E-04  0.00000E+00  2.00000E+00  0.00000E+00
  909 1.68809620E+03 -1.77715E-03 -5.92383E-04  0.00000E+00  2.00000E+00  0.00000E+00
  910 1.69301000E+03 -1.77199E-03 -5.90664E-04  0.00000E+00  2.00000E+00  0.00000E+00
  911 1.69793116E+03 -1.76686E-03 -5.88952E-04  0.00000E+00  2.00000E+00  0.00000E+00
  912 1.70285970E+03 -1.76174E-03 -5.87247E-04  0.00000E+00  2.00000E+00  0.00000E+00
  913 1.70779560E+03 -1.75665E-03 -5.85550E-04  0.00000E+00  2.00000E+00  0.00000E+00
  914 1.71273887E+03 -1.75158E-03 -5.83860E-04  0.00000E+00  2.00000E+00  0.00000E+00
  915 1.71768951E+03 -1.74653E-03 -5.82177E-04  0.00000E+00  2.00000E+00  0.00000E+00
  916 1.72264752E+03 -1.74151E-03 -5.80502E-04  0.00000E+00  2.00000E+00  0.00000E+00
  917 1.72761289E+03 -1.73650E-03 -5.78833E-04  0.00000E+00  2.00000E+00  0.00000E+00
  918 1.73258564E+03 -1.73152E-03 -5.77172E-04  0.00000E+00  2.00000E+00  0.00000E+00
  919 1.73756576E+03 -1.72655E-03 -5.75518E-04  0.00000E+00  2.00000E+00  0.00000E+00
  920 1.74255325E+03 -1.72161E-03 -5.73871E-04  0.00000E+00  2.00000E+00  0.00000E+00
  921 1.74754811E+03 -1.71669E-03 -5.72230E-04  0.00000E+00  2.00000E+00  0.00000E+00
  922 1.75255034E+03 -1.71179E-03 -5.70597E-04  0.00000E+00  2.00000E+00  0.00000E+00
  923 1.75755994E+03 -1.70691E-03 -5.68971E-04  0.00000E+00  2.00000E+00  0.00000E+00
  924 1.76257691E+03 -1.70205E-03 -5.67351E-04  0.00000E+00  2.00000E+00  0.00000E+00
  925 1.76760126E+03 -1.69722E-03 -5.65738E-04  0.00000E+00  2.00000E+00  0.00000E+00
  926 1.77263298E+03 -1.69240E-03 -5.64133E-04  0.00000E+00  2.00000E+00  0.00000E+00
  927 1.77767207E+03 -1.68760E-03 -5.62533E-04  0.00000E+00  2.00000E+00  0.00000E+00
  928 1.78271854E+03 -1.68282E-03 -5.60941E-04  0.00000E+00  2.00000E+00  0.00000E+00
  929 1.78777238E+03 -1.67807E-03 -5.59355E-04  0.00000E+00  2.00000E+00  0.00000E+00
  930 1.79283359E+03 -1.67333E-03 -5.57776E-04  0.00000E+00  2.00000E+00  0.00000E+00
  931 1.79790218E+03 -1.66861E-03 -5.56204E-04  0.00000E+00  2.00000E+00  0.00000E+00
  932 1.80297814E+03 -1.66391E-03 -5.54638E-04  0.00000E+00  2.00000E+00  0.00000E+00
  933 1.80806147E+03 -1.65924E-03 -5.53079E-04  0.00000E+00  2.00000E+00  0.00000E+00
  934 1.81315219E+03 -1.65458E-03 -5.51526E-04  0.00000E+00  2.00000E+00  0.00000E+00
  935 1.81825027E+03 -1.64994E-03 -5.49979E-04  0.00000E+00  2.00000E+00  0.00000E+00
  936 1.82335574E+03 -1.64532E-03 -5.48439E-04  0.00000E+00  2.00000E+00  0.00000E+00
  937 1.82846858E+03 -1.64072E-03 -5.46906E-04  0.00000E+00  2.00000E+00  0.00000E+00
  938 1.83358879E+03 -1.63614E-03 -5.45379E-04  0.00000E+00  2.00000E+00  0.00000E+00
  939 1.83871639E+03 -1.63157E-03 -5.43858E-04  0.00000E+00  2.00000E+00  0.00000E+00
  940 1.84385136E+03 -1.62703E-03 -5.42343E-04  0.00000E+00  2.00000E+00  0.00000E+00
  941 1.84899371E+03 -1.62250E-03 -5.40835E-04  0.00000E+00  2.00000E+00  0.00000E+00
  942 1.85414344E+03 -1.61800E-03 -5.39333E-04  0.00000E+00  2.00000E+00  0.00000E+00
  943 1.85930054E+03 -1.61351E-03 -5.37837E-04  0.00000E+00  2.00000E+00  0.00000E+00
  944 1.86446503E+03 -1.60904E-03 -5.36347E-04  0.00000E+00  2.00000E+00  0.00000E+00
  945 1.86963689E+03 -1.60459E-03 -5.34863E-04  0.00000E+00  2.00000E+00  0.00000E+00
  946 1.87481613E+03 -1.60016E-03 -5.33386E-04  0.00000E+00  2.00000E+00  0.00000E+00
  947 1.88000275E+03 -1.59574E-03 -5.31914E-04  0.00000E+00  2.00000E+00  0.00000E+00
  948 1.88519675E+03 -1.59135E-03 -5.30449E-04  0.00000E+00  2.00000E+00  0.00000E+00
  949 1.89039814E+03 -1.58697E-03 -5.28989E-04  0.00000E+00  2.00000E+00  0.00000E+00
  950 1.89560690E+03 -1.58261E-03 -5.27536E-04  0.00000E+00  2.00000E+00  0.00000E+00
  951 1.90082304E+03 -1.57826E-03 -5.26088E-04  0.00000E+00  2.00000E+00  0.00000E+00
  952 1.90604657E+03 -1.57394E-03 -5.24646E-04  0.00000E+00  2.00000E+00  0.00000E+00
  953 1.91127747E+03 -1.56963E-03 -5.23210E-04  0.00000E+00  2.00000E+00  0.00000E+00
  954 1.91651576E+03 -1.56534E-03 -5.21780E-04  0.00000E+00  2.00000E+00  0.00000E+00
  955 1.92176143E+03 -1.56107E-03 -5.20356E-04  0.00000E+00  2.00000E+00  0.00000E+00
  956 1.92701449E+03 -1.55681E-03 -5.18937E-04  0.00000E+00  2.00000E+00  0.00000E+00
  957 1.93227492E+03 -1.55257E-03 -5.17525E-04  0.00000E+00  2.00000E+00  0.00000E+00
  958 1.93754274E+03 -1.54835E-03 -5.16118E-04  0.00000E+00  2.00000E+00  0.00000E+00
  959 1.94281794E+03 -1.54415E-03 -5.14716E-04  0.00000E+00  2.00000E+00  0.00000E+00
  960 1.94810053E+03 -1.53996E-03 -5.13321E-04  0.00000E+00  2.00000E+00  0.00000E+00
  961 1.95339050E+03 -1.53579E-03 -5.11930E-04  0.00000E+00  2.00000E+00  0.00000E+00
  962 1.95868786E+03 -1.53164E-03 -5.10546E-04  0.00000E+00  2.00000E+00  0.00000E+00
  963 1.96399260E+03 -1.52750E-03 -5.09167E-04  0.00000E+00  2.00000E+00  0.00000E+00
  964 1.96930472E+03 -1.52338E-03 -5.07793E-04  0.00000E+00  2.00000E+00  0.00000E+00
  965 1.97462423E+03 -1.51928E-03 -5.06425E-04  0.00000E+00  2.00000E+00  0.00000E+00
  966 1.97995113E+03 -1.51519E-03 -5.05063E-04  0.00000E+00  2.00000E+00  0.00000E+00
  967 1.98528541E+03 -1.51112E-03 -5.03706E-04  0.00000E+00  2.00000E+00  0.00000E+00
  968 1.99062708E+03 -1.50706E-03 -5.02354E-04  0.00000E+00  2.00000E+00  0.00000E+00
  969 1.99597613E+03 -1.50302E-03 -5.01008E-04  0.00000E+00  2.00000E+00  0.00000E+00
  970 2.00133257E+03 -1.49900E-03 -4.99667E-04  0.00000E+00  2.00000E+00  0.00000E+00
  971 2.00669640E+03 -1.49499E-03 -4.98331E-04  0.00000E+00  2.00000E+00  0.00000E+00
  972 2.01206762E+03 -1.49100E-03 -4.97001E-04  0.00000E+00  2.00000E+00  0.00000E+00
  973 2.01744622E+03 -1.48703E-03 -4.95676E-04  0.00000E+00  2.00000E+00  0.00000E+00
  974 2.02283221E+03 -1.48307E-03 -4.94356E-04  0.00000E+00  2.00000E+00  0.00000E+00
  975 2.02822559E+03 -1.47913E-03 -4.93042E-04  0.00000E+00  2.00000E+00  0.00000E+00
  976 2.03362636E+03 -1.47520E-03 -4.91732E-04  0.00000E+00  2.00000E+00  0.00000E+00
  977 2.03903452E+03 -1.47128E-03 -4.90428E-04  0.00000E+00  2.00000E+00  0.00000E+00
  978 2.04445007E+03 -1.46739E-03 -4.89129E-04  0.00000E+00  2.00000E+00  0.00000E+00
  979 2.04987300E+03 -1.46351E-03 -4.87835E-04  0.00000E+00  2.00000E+00  0.00000E+00
  980 2.05530333E+03 -1.45964E-03 -4.86546E-04  0.00000E+00  2.00000E+00  0.00000E+00
  981 2.06074105E+03 -1.45579E-03 -4.85262E-04  0.00000E+00  2.00000E+00  0.00000E+00
  982 2.06618616E+03 -1.45195E-03 -4.83983E-04  0.00000E+00  2.00000E+00  0.00000E+00
  983 2.07163865E+03 -1.44813E-03 -4.82710E-04  0.00000E+00  2.00000E+00  0.00000E+00
  984 2.07709854E+03 -1.44432E-03 -4.81441E-04  0.00000E+00  2.00000E+00  0.00000E+00
  985 2.08256582E+03 -1.44053E-03 -4.80177E-04  0.00000E+00  2.00000E+00  0.00000E+00
  986 2.08804050E+03 -1.43675E-03 -4.78918E-04  0.00000E+00  2.00000E+00  0.00000E+00
  987 2.09352256E+03 -1.43299E-03 -4.77664E-04  0.00000E+00  2.00000E+00  0.00000E+00
  988 2.09901202E+03 -1.42924E-03 -4.76415E-04  0.00000E+00  2.00000E+00  0.00000E+00
  989 2.10450887E+03 -1.42551E-03 -4.75170E-04  0.00000E+00  2.00000E+00  0.00000E+00
  990 2.11001311E+03 -1.42179E-03 -4.73931E-04  0.00000E+00  2.00000E+00  0.00000E+00
  991 2.11552475E+03 -1.41809E-03 -4.72696E-04  0.00000E+00  2.00000E+00  0.00000E+00
  992 2.12104377E+03 -1.41440E-03 -4.71466E-04  0.00000E+00  2.00000E+00  0.00000E+00
  993 2.12657020E+03 -1.41072E-03 -4.70241E-04  0.00000E+00  2.00000E+00  0.00000E+00
  994 2.13210401E+03 -1.40706E-03 -4.69020E-04  0.00000E+00  2.00000E+00  0.00000E+00
  995 2.13764522E+03 -1.40341E-03 -4.67804E-04  0.00000E+00  2.00000E+00  0.00000E+00
  996 2.14319383E+03 -1.39978E-03 -4.66593E-04  0.00000E+00  2.00000E+00  0.00000E+00
  997 2.14874983E+03 -1.39616E-03 -4.65387E-04  0.00000E+00  2.00000E+00  0.00000E+00
  998 2.15431322E+03 -1.39256E-03 -4.64185E-04  0.00000E+00  2.00000E+00  0.00000E+00
  999 2.15988401E+03 -1.38896E-03 -4.62988E-04  0.00000E+00  2.00000E+00  0.00000E+00
 1000 2.16546220E+03 -1.38539E-03 -4.61795E-04  0.00000E+00  2.00000E+00  0.00000E+00
 1001 2.17104778E+03 -1.38182E-03 -4.60607E-04  0.00000E+00  2.00000E+00  0.00000E+00
 1002 2.17664076E+03 -1.37827E-03 -4.59424E-04  0.00000E+00  2.00000E+00  0.00000E+00
 1003 2.18224114E+03 -1.37473E-03 -4.58245E-04  0.00000E+00  2.00000E+00  0.00000E+00
 1004 2.18784891E+03 -1.37121E-03 -4.57070E-04  0.00000E+00  2.00000E+00  0.00000E+00
 1005 2.19346408E+03 -1.36770E-03 -4.55900E-04  0.00000E+00  2.00000E+00  0.00000E+00
 1006 2.19908664E+03 -1.36420E-03 -4.54734E-04  0.00000E+00  2.00000E+00  0.00000E+00
 1007 2.20471661E+03 -1.36072E-03 -4.53573E-04  0.00000E+00  2.00000E+00  0.00000E+00
 1008 2.21035397E+03 -1.35725E-03 -4.52416E-04  0.00000E+00  2.00000E+00  0.00000E+00
 1009 2.21599873E+03 -1.35379E-03 -4.51264E-04  0.00000E+00  2.00000E+00  0.00000E+00
 1010 2.22165089E+03 -1.35035E-03 -4.50116E-04  0.00000E+00  2.00000E+00  0.00000E+00
 1011 2.22731045E+03 -1.34692E-03 -4.48972E-04  0.00000E+00  2.00000E+00  0.00000E+00
 1012 2.23297740E+03 -1.34350E-03 -4.47833E-04  0.00000E+00  2.00000E+00  0.00000E+00
 1013 2.23865176E+03 -1.34009E-03 -4.46697E-04  0.00000E+00  2.00000E+00  0.00000E+00
 1014 2.24433352E+03 -1.33670E-03 -4.45567E-04  0.00000E+00  2.00000E+00  0.00000E+00
 1015 2.25002267E+03 -1.33332E-03 -4.44440E-04  0.00000E+00  2.00000E+00  0.00000E+00
 1016 2.25571923E+03 -1.32995E-03 -4.43318E-04  0.00000E+00  2.00000E+00  0.00000E+00
 1017 2.26142318E+03 -1.32660E-03 -4.42199E-04  0.00000E+00  2.00000E+00  0.00000E+00
 1018 2.26713454E+03 -1.32326E-03 -4.41085E-04  0.00000E+00  2.00000E+00  0.00000E+00
 1019 2.27285330E+03 -1.31993E-03 -4.39976E-04  0.00000E+00  2.00000E+00  0.00000E+00
 1020 2.27857946E+03 -1.31661E-03 -4.38870E-04  0.00000E+00  2.00000E+00  0.00000E+00
 1021 2.28431302E+03 -1.31331E-03 -4.37768E-04  0.00000E+00  2.00000E+00  0.00000E+00
 1022 2.29005398E+03 -1.31001E-03 -4.36671E-04  0.00000E+00  2.00000E+00  0.00000E+00
 1023 2.29580234E+03 -1.30673E-03 -4.35578E-04  0.00000E+00  2.00000E+00  0.00000E+00
 1024 2.30155811E+03 -1.30346E-03 -4.34488E-04  0.00000E+00  2.00000E+00  0.00000E+00
 1025 2.30732128E+03 -1.30021E-03 -4.33403E-04  0.00000E+00  2.00000E+00  0.00000E+00
 1026 2.31309185E+03 -1.29697E-03 -4.32322E-04  0.00000E+00  2.00000E+00  0.00000E+00
 1027 2.31886982E+03 -1.29373E-03 -4.31245E-04  0.00000E+00  2.00000E+00  0.00000E+00
 1028 2.32465520E+03 -1.29051E-03 -4.30171E-04  0.00000E+00  2.00000E+00  0.00000E+00
 1029 2.33044798E+03 -1.28731E-03 -4.29102E-04  0.00000E+00  2.00000E+00  0.00000E+00
 1030 2.33624817E+03 -1.28411E-03 -4.28037E-04  0.00000E+00  2.00000E+00  0.00000E+00
 1031 2.34205576E+03 -1.28093E-03 -4.26975E-04  0.00000E+00  2.00000E+00  0.00000E+00
 1032 2.34787075E+03 -1.27775E-03 -4.25918E-04  0.00000E+00  2.00000E+00  0.00000E+00
 1033 2.35369315E+03 -1.27459E-03 -4.24864E-04  0.00000E+00  2.00000E+00  0.00000E+00
 1034 2.35952296E+03 -1.27144E-03 -4.23814E-04  0.00000E+00  2.00000E+00  0.00000E+00
 1035 2.36536016E+03 -1.26831E-03 -4.22769E-04  0.00000E+00  2.00000E+00  0.00000E+00
 1036 2.37120478E+03 -1.26518E-03 -4.21727E-04  0.00000E+00  2.00000E+00  0.00000E+00
 1037 2.37705680E+03 -1.26206E-03 -4.20688E-04  0.00000E+00  2.00000E+00  0.00000E+00
 1038 2.38291622E+03 -1.25896E-03 -4.19654E-04  0.00000E+00  2.00000E+00  0.00000E+00
 1039 2.38878306E+03 -1.25587E-03 -4.18623E-04  0.00000E+00  2.00000E+00  0.00000E+00
 1040 2.39465730E+03 -1.25279E-03 -4.17596E-04  0.00000E+00  2.00000E+00  0.00000E+00
 1041 2.40053894E+03 -1.24972E-03 -4.16573E-04  0.00000E+00  2.00000E+00  0.00000E+00
 1042 2.40642799E+03 -1.24666E-03 -4.15554E-04  0.00000E+00  2.00000E+00  0.00000E+00
 1043 2.41232445E+03 -1.24361E-03 -4.14538E-04  0.00000E+00  2.00000E+00  0.00000E+00
 1044 2.41822832E+03 -1.24058E-03 -4.13526E-04  0.00000E+00  2.00000E+00  0.00000E+00
 1045 2.42413959E+03 -1.23755E-03 -4.12517E-04  0.00000E+00  2.00000E+00  0.00000E+00
 1046 2.43005828E+03 -1.23454E-03 -4.11513E-04  0.00000E+00  2.00000E+00  0.00000E+00
 1047 2.43598437E+03 -1.23153E-03 -4.10512E-04  0.00000E+00  2.00000E+00  0.00000E+00
 1048 2.44191787E+03 -1.22854E-03 -4.09514E-04  0.00000E+00  2.00000E+00  0.00000E+00
 1049 2.44785878E+03 -1.22556E-03 -4.08520E-04  0.00000E+00  2.00000E+00  0.00000E+00
 1050 2.45380709E+03 -1.22259E-03 -4.07530E-04  0.00000E+00  2.00000E+00  0.00000E+00
 1051 2.45976282E+03 -1.21963E-03 -4.06543E-04  0.00000E+00  2.00000E+00  0.00000E+00
 1052 2.46572596E+03 -1.21668E-03 -4.05560E-04  0.00000E+00  2.00000E+00  0.00000E+00
 1053 2.47169650E+03 -1.21374E-03 -4.04580E-04  0.00000E+00  2.00000E+00  0.00000E+00
 1054 2.47767446E+03 -1.21081E-03 -4.03604E-04  0.00000E+00  2.00000E+00  0.00000E+00
 1055 2.48365982E+03 -1.20789E-03 -4.02632E-04  0.00000E+00  2.00000E+00  0.00000E+00
 1056 2.48965260E+03 -1.20499E-03 -4.01662E-04  0.00000E+00  2.00000E+00  0.00000E+00
 1057 2.49565279E+03 -1.20209E-03 -4.00697E-04  0.00000E+00  2.00000E+00  0.00000E+00
 1058 2.50166039E+03 -1.19920E-03 -3.99735E-04  0.00000E+00  2.00000E+00  0.00000E+00
 1059 2.50767539E+03 -1.19633E-03 -3.98776E-04  0.00000E+00  2.00000E+00  0.00000E+00
 1060 2.51369782E+03 -1.19346E-03 -3.97820E-04  0.00000E+00  2.00000E+00  0.00000E+00
 1061 2.51972765E+03 -1.19060E-03 -3.96868E-04  0.00000E+00  2.00000E+00  0.00000E+00
 1062 2.52576489E+03 -1.18776E-03 -3.95920E-04  0.00000E+00  2.00000E+00  0.00000E+00
 1063 2.53180955E+03 -1.18492E-03 -3.94974E-04  0.00000E+00  2.00000E+00  0.00000E+00
 1064 2.53786162E+03 -1.18210E-03 -3.94033E-04  0.00000E+00  2.00000E+00  0.00000E+00
 1065 2.54392110E+03 -1.17928E-03 -3.93094E-04  0.00000E+00  2.00000E+00  0.00000E+00
 1066 2.54998800E+03 -1.17648E-03 -3.92159E-04  0.00000E+00  2.00000E+00  0.00000E+00
 1067 2.55606230E+03 -1.17368E-03 -3.91227E-04  0.00000E+00  2.00000E+00  0.00000E+00
 1068 2.56214402E+03 -1.17089E-03 -3.90298E-04  0.00000E+00  2.00000E+00  0.00000E+00
 1069 2.56823316E+03 -1.16812E-03 -3.89373E-04  0.00000E+00  2.00000E+00  0.00000E+00
 1070 2.57432971E+03 -1.16535E-03 -3.88451E-04  0.00000E+00  2.00000E+00  0.00000E+00
 1071 2.58043367E+03 -1.16260E-03 -3.87532E-04  0.00000E+00  2.00000E+00  0.00000E+00
 1072 2.58654505E+03 -1.15985E-03 -3.86616E-04  0.00000E+00  2.00000E+00  0.00000E+00
 1073 2.59266384E+03 -1.15711E-03 -3.85704E-04  0.00000E+00  2.00000E+00  0.00000E+00
 1074 2.59879005E+03 -1.15438E-03 -3.84794E-04  0.00000E+00  2.00000E+00  0.00000E+00
 1075 2.60492367E+03 -1.15167E-03 -3.83888E-04  0.00000E+00  2.00000E+00  0.00000E+00
 1076 2.61106471E+03 -1.14896E-03 -3.82986E-04  0.00000E+00  2.00000E+00  0.00000E+00
 1077 2.61721316E+03 -1.14626E-03 -3.82086E-04  0.00000E+00  2.00000E+00  0.00000E+00
 1078 2.62336903E+03 -1.14357E-03 -3.81189E-04  0.00000E+00  2.00000E+00  0.00000E+00
 1079 2.62953231E+03 -1.14089E-03 -3.80296E-04  0.00000E+00  2.00000E+00  0.00000E+00
 1080 2.63570301E+03 -1.13822E-03 -3.79405E-04  0.00000E+00  2.00000E+00  0.00000E+00
 1081 2.64188113E+03 -1.13555E-03 -3.78518E-04  0.00000E+00  2.00000E+00  0.00000E+00
 1082 2.64806666E+03 -1.13290E-03 -3.77634E-04  0.00000E+00  2.00000E+00  0.00000E+00
 1083 2.65425961E+03 -1.13026E-03 -3.76753E-04  0.00000E+00  2.00000E+00  0.00000E+00
 1084 2.66045998E+03 -1.12762E-03 -3.75875E-04  0.00000E+00  2.00000E+00  0.00000E+00
 1085 2.66666777E+03 -1.12500E-03 -3.75000E-04  0.00000E+00  2.00000E+00  0.00000E+00
 1086 2.67288297E+03 -1.12238E-03 -3.74128E-04  0.00000E+00  2.00000E+00  0.00000E+00
 1087 2.67910559E+03 -1.11978E-03 -3.73259E-04  0.00000E+00  2.00000E+00  0.00000E+00
 1088 2.68533563E+03 -1.11718E-03 -3.72393E-04  0.00000E+00  2.00000E+00  0.00000E+00
 1089 2.69157309E+03 -1.11459E-03 -3.71530E-04  0.00000E+00  2.00000E+00  0.00000E+00
 1090 2.69781796E+03 -1.11201E-03 -3.70670E-04  0.00000E+00  2.00000E+00  0.00000E+00
 1091 2.70407026E+03 -1.10944E-03 -3.69813E-04  0.00000E+00  2.00000E+00  0.00000E+00
 1092 2.71032997E+03 -1.10688E-03 -3.68959E-04  0.00000E+00  2.00000E+00  0.00000E+00
 1093 2.71659710E+03 -1.10432E-03 -3.68108E-04  0.00000E+00  2.00000E+00  0.00000E+00
 1094 2.72287166E+03 -1.10178E-03 -3.67259E-04  0.00000E+00  2.00000E+00  0.00000E+00
 1095 2.72915363E+03 -1.09924E-03 -3.66414E-04  0.00000E+00  2.00000E+00  0.00000E+00
 1096 2.73544302E+03 -1.09671E-03 -3.65571E-04  0.00000E+00  2.00000E+00  0.00000E+00
 1097 2.74173983E+03 -1.09420E-03 -3.64732E-04  0.00000E+00  2.00000E+00  0.00000E+00
 1098 2.74804406E+03 -1.09169E-03 -3.63895E-04  0.00000E+00  2.00000E+00  0.00000E+00
 1099 2.75435572E+03 -1.08918E-03 -3.63061E-04  0.00000E+00  2.00000E+00  0.00000E+00
 1100 2.76067479E+03 -1.08669E-03 -3.62230E-04  0.00000E+00  2.00000E+00  0.00000E+00
 1101 2.76700128E+03 -1.08421E-03 -3.61402E-04  0.00000E+00  2.00000E+00  0.00000E+00
 1102 2.77333520E+03 -1.08173E-03 -3.60577E-04  0.00000E+00  2.00000E+00  0.00000E+00
 1103 2.77967654E+03 -1.07926E-03 -3.59754E-04  0.00000E+00  2.00000E+00  0.00000E+00
 1104 2.78602530E+03 -1.07680E-03 -3.58934E-04  0.00000E+00  2.00000E+00  0.00000E+00
 1105 2.79238148E+03 -1.07435E-03 -3.58117E-04  0.00000E+00  2.00000E+00  0.00000E+00
 1106 2.79874508E+03 -1.07191E-03 -3.57303E-04  0.00000E+00  2.00000E+00  0.00000E+00
 1107 2.80511610E+03 -1.06947E-03 -3.56491E-04  0.00000E+00  2.00000E+00  0.00000E+00
 1108 2.81149455E+03 -1.06705E-03 -3.55683E-04  0.00000E+00  2.00000E+00  0.00000E+00
 1109 2.81788042E+03 -1.06463E-03 -3.54877E-04  0.00000E+00  2.00000E+00  0.00000E+00
 1110 2.82427372E+03 -1.06222E-03 -3.54073E-04  0.00000E+00  2.00000E+00  0.00000E+00
 1111 2.83067443E+03 -1.05982E-03 -3.53273E-04  0.00000E+00  2.00000E+00  0.00000E+00
 1112 2.83708257E+03 -1.05742E-03 -3.52475E-04  0.00000E+00  2.00000E+00  0.00000E+00
 1113 2.84349814E+03 -1.05504E-03 -3.51679E-04  0.00000E+00  2.00000E+00  0.00000E+00
 1114 2.84992112E+03 -1.05266E-03 -3.50887E-04  0.00000E+00  2.00000E+00  0.00000E+00
 1115 2.85635154E+03 -1.05029E-03 -3.50097E-04  0.00000E+00  2.00000E+00  0.00000E+00
 1116 2.86278937E+03 -1.04793E-03 -3.49310E-04  0.00000E+00  2.00000E+00  0.00000E+00
 1117 2.86923463E+03 -1.04557E-03 -3.48525E-04  0.00000E+00  2.00000E+00  0.00000E+00
 1118 2.87568732E+03 -1.04323E-03 -3.47743E-04  0.00000E+00  2.00000E+00  0.00000E+00
 1119 2.88214743E+03 -1.04089E-03 -3.46964E-04  0.00000E+00  2.00000E+00  0.00000E+00
 1120 2.88861496E+03 -1.03856E-03 -3.46187E-04  0.00000E+00  2.00000E+00  0.00000E+00
 1121 2.89508993E+03 -1.03624E-03 -3.45412E-04  0.00000E+00  2.00000E+00  0.00000E+00
 1122 2.90157231E+03 -1.03392E-03 -3.44641E-04  0.00000E+00  2.00000E+00  0.00000E+00
 1123 2.90806212E+03 -1.03161E-03 -3.43872E-04  0.00000E+00  2.00000E+00  0.00000E+00
 1124 2.91455936E+03 -1.02932E-03 -3.43105E-04  0.00000E+00  2.00000E+00  0.00000E+00
 1125 2.92106403E+03 -1.02702E-03 -3.42341E-04  0.00000E+00  2.00000E+00  0.00000E+00
 1126 2.92757612E+03 -1.02474E-03 -3.41580E-04  0.00000E+00  2.00000E+00  0.00000E+00
 1127 2.93409563E+03 -1.02246E-03 -3.40821E-04  0.00000E+00  2.00000E+00  0.00000E+00
 1128 2.94062258E+03 -1.02019E-03 -3.40064E-04  0.00000E+00  2.00000E+00  0.00000E+00
 1129 2.94715695E+03 -1.01793E-03 -3.39310E-04  0.00000E+00  2.00000E+00  0.00000E+00
 1130 2.95369875E+03 -1.01568E-03 -3.38559E-04  0.00000E+00  2.00000E+00  0.00000E+00
 1131 2.96024797E+03 -1.01343E-03 -3.37810E-04  0.00000E+00  2.00000E+00  0.00000E+00
 1132 2.96680463E+03 -1.01119E-03 -3.37063E-04  0.00000E+00  2.00000E+00  0.00000E+00
 1133 2.97336871E+03 -1.00896E-03 -3.36319E-04  0.00000E+00  2.00000E+00  0.00000E+00
 1134 2.97994022E+03 -1.00673E-03 -3.35577E-04  0.00000E+00  2.00000E+00  0.00000E+00
 1135 2.98651916E+03 -1.00451E-03 -3.34838E-04  0.00000E+00  2.00000E+00  0.00000E+00
 1136 2.99310552E+03 -1.00230E-03 -3.34101E-04  0.00000E+00  2.00000E+00  0.00000E+00
 1137 2.99969932E+03 -1.00010E-03 -3.33367E-04  0.00000E+00  2.00000E+00  0.00000E+00
 1138 3.00630054E+03 -9.97904E-04 -3.32635E-04  0.00000E+00  2.00000E+00  0.00000E+00
 1139 3.01290919E+03 -9.95715E-04 -3.31905E-04  0.00000E+00  2.00000E+00  0.00000E+00
 1140 3.01952528E+03 -9.93534E-04 -3.31178E-04  0.00000E+00  2.00000E+00  0.00000E+00
 1141 3.02614879E+03 -9.91359E-04 -3.30453E-04  0.00000E+00  2.00000E+00  0.00000E+00
 1142 3.03277973E+03 -9.89192E-04 -3.29731E-04  0.00000E+00  2.00000E+00  0.00000E+00
 1143 3.03941810E+03 -9.87031E-04 -3.29010E-04  0.00000E+00  2.00000E+00  0.00000E+00
 1144 3.04606390E+03 -9.84878E-04 -3.28293E-04  0.00000E+00  2.00000E+00  0.00000E+00
 1145 3.05271714E+03 -9.82731E-04 -3.27577E-04  0.00000E+00  2.00000E+00  0.00000E+00
 1146 3.05937780E+03 -9.80592E-04 -3.26864E-04  0.00000E+00  2.00000E+00  0.00000E+00
 1147 3.06604589E+03 -9.78459E-04 -3.26153E-04  0.00000E+00  2.00000E+00  0.00000E+00
 1148 3.07272141E+03 -9.76333E-04 -3.25444E-04  0.00000E+00  2.00000E+00  0.00000E+00
 1149 3.07940437E+03 -9.74214E-04 -3.24738E-04  0.00000E+00  2.00000E+00  0.00000E+00
 1150 3.08609476E+03 -9.72102E-04 -3.24034E-04  0.00000E+00  2.00000E+00  0.00000E+00
 1151 3.09279257E+03 -9.69997E-04 -3.23332E-04  0.00000E+00  2.00000E+00  0.00000E+00
 1152 3.09949782E+03 -9.67899E-04 -3.22633E-04  0.00000E+00  2.00000E+00  0.00000E+00
 1153 3.10621051E+03 -9.65807E-04 -3.21936E-04  0.00000E+00  2.00000E+00  0.00000E+00
 1154 3.11293062E+03 -9.63722E-04 -3.21241E-04  0.00000E+00  2.00000E+00  0.00000E+00
 1155 3.11965817E+03 -9.61644E-04 -3.20548E-04  0.00000E+00  2.00000E+00  0.00000E+00
 1156 3.12639315E+03 -9.59572E-04 -3.19857E-04  0.00000E+00  2.00000E+00  0.00000E+00
 1157 3.13313556E+03 -9.57507E-04 -3.19169E-04  0.00000E+00  2.00000E+00  0.00000E+00
 1158 3.13988540E+03 -9.55449E-04 -3.18483E-04  0.00000E+00  2.00000E+00  0.00000E+00
 1159 3.14664268E+03 -9.53397E-04 -3.17799E-04  0.00000E+00  2.00000E+00  0.00000E+00
 1160 3.15340739E+03 -9.51352E-04 -3.17117E-04  0.00000E+00  2.00000E+00  0.00000E+00
 1161 3.16017953E+03 -9.49313E-04 -3.16438E-04  0.00000E+00  2.00000E+00  0.00000E+00
 1162 3.16695911E+03 -9.47281E-04 -3.15760E-04  0.00000E+00  2.00000E+00  0.00000E+00
 1163 3.17374612E+03 -9.45255E-04 -3.15085E-04  0.00000E+00  2.00000E+00  0.00000E+00
 1164 3.18054057E+03 -9.43236E-04 -3.14412E-04  0.00000E+00  2.00000E+00  0.00000E+00
 1165 3.18734245E+03 -9.41223E-04 -3.13741E-04  0.00000E+00  2.00000E+00  0.00000E+00
 1166 3.19415176E+03 -9.39216E-04 -3.13072E-04  0.00000E+00  2.00000E+00  0.00000E+00
 1167 3.20096851E+03 -9.37216E-04 -3.12405E-04  0.00000E+00  2.00000E+00  0.00000E+00
 1168 3.20779270E+03 -9.35223E-04 -3.11741E-04  0.00000E+00  2.00000E+00  0.00000E+00
 1169 3.21462432E+03 -9.33235E-04 -3.11078E-04  0.00000E+00  2.00000E+00  0.00000E+00
 1170 3.22146337E+03 -9.31254E-04 -3.10418E-04  0.00000E+00  2.00000E+00  0.00000E+00
 1171 3.22830986E+03 -9.29279E-04 -3.09760E-04  0.00000E+00  2.00000E+00  0.00000E+00
 1172 3.23516379E+03 -9.27310E-04 -3.09103E-04  0.00000E+00  2.00000E+00  0.00000E+00
 1173 3.24202515E+03 -9.25348E-04 -3.08449E-04  0.00000E+00  2.00000E+00  0.00000E+00
 1174 3.24889394E+03 -9.23391E-04 -3.07797E-04  0.00000E+00  2.00000E+00  0.00000E+00
 1175 3.25577018E+03 -9.21441E-04 -3.07147E-04  0.00000E+00  2.00000E+00  0.00000E+00
 1176 3.26265385E+03 -9.19497E-04 -3.06499E-04  0.00000E+00  2.00000E+00  0.00000E+00
 1177 3.26954495E+03 -9.17559E-04 -3.05853E-04  0.00000E+00  2.00000E+00  0.00000E+00
 1178 3.27644350E+03 -9.15627E-04 -3.05209E-04  0.00000E+00  2.00000E+00  0.00000E+00
 1179 3.28334948E+03 -9.13701E-04 -3.04567E-04  0.00000E+00  2.00000E+00  0.00000E+00
 1180 3.29026289E+03 -9.11781E-04 -3.03927E-04  0.00000E+00  2.00000E+00  0.00000E+00
 1181 3.29718375E+03 -9.09867E-04 -3.03289E-04  0.00000E+00  2.00000E+00  0.00000E+00
 1182 3.30411204E+03 -9.07960E-04 -3.02653E-04  0.00000E+00  2.00000E+00  0.00000E+00
 1183 3.31104777E+03 -9.06058E-04 -3.02019E-04  0.00000E+00  2.00000E+00  0.00000E+00
 1184 3.31799094E+03 -9.04162E-04 -3.01387E-04  0.00000E+00  2.00000E+00  0.00000E+00
 1185 3.32494154E+03 -9.02272E-04 -3.00757E-04  0.00000E+00  2.00000E+00  0.00000E+00
 1186 3.33189959E+03 -9.00387E-04 -3.00129E-04  0.00000E+00  2.00000E+00  0.00000E+00
 1187 3.33886507E+03 -8.98509E-04 -2.99503E-04  0.00000E+00  2.00000E+00  0.00000E+00
 1188 3.34583799E+03 -8.96636E-04 -2.98879E-04  0.00000E+00  2.00000E+00  0.00000E+00
 1189 3.35281835E+03 -8.94770E-04 -2.98257E-04  0.00000E+00  2.00000E+00  0.00000E+00
 1190 3.35980615E+03 -8.92909E-04 -2.97636E-04  0.00000E+00  2.00000E+00  0.00000E+00
 1191 3.36680139E+03 -8.91053E-04 -2.97018E-04  0.00000E+00  2.00000E+00  0.00000E+00
 1192 3.37380406E+03 -8.89204E-04 -2.96401E-04  0.00000E+00  2.00000E+00  0.00000E+00
 1193 3.38081418E+03 -8.87360E-04 -2.95787E-04  0.00000E+00  2.00000E+00  0.00000E+00
 1194 3.38783174E+03 -8.85522E-04 -2.95174E-04  0.00000E+00  2.00000E+00  0.00000E+00
 1195 3.39485673E+03 -8.83690E-04 -2.94563E-04  0.00000E+00  2.00000E+00  0.00000E+00
 1196 3.40188917E+03 -8.81863E-04 -2.93954E-04  0.00000E+00  2.00000E+00  0.00000E+00
 1197 3.40892905E+03 -8.80042E-04 -2.93347E-04  0.00000E+00  2.00000E+00  0.00000E+00
 1198 3.41597636E+03 -8.78226E-04 -2.92742E-04  0.00000E+00  2.00000E+00  0.00000E+00
 1199 3.42303112E+03 -8.76416E-04 -2.92139E-04  0.00000E+00  2.00000E+00  0.00000E+00
